-- phpMyAdmin SQL Dump
-- version 5.2.1
-- https://www.phpmyadmin.net/
--
-- Servidor: 127.0.0.1
-- Tiempo de generación: 05-04-2026 a las 23:10:25
-- Versión del servidor: 10.4.32-MariaDB
-- Versión de PHP: 8.2.12

SET SQL_MODE = "NO_AUTO_VALUE_ON_ZERO";
START TRANSACTION;
SET time_zone = "+00:00";


/*!40101 SET @OLD_CHARACTER_SET_CLIENT=@@CHARACTER_SET_CLIENT */;
/*!40101 SET @OLD_CHARACTER_SET_RESULTS=@@CHARACTER_SET_RESULTS */;
/*!40101 SET @OLD_COLLATION_CONNECTION=@@COLLATION_CONNECTION */;
/*!40101 SET NAMES utf8mb4 */;

--
-- Base de datos: `alumnos_db`
--

-- --------------------------------------------------------

--
-- Estructura de tabla para la tabla `alumnos`
--

CREATE TABLE `alumnos` (
  `id_alumno` int(11) NOT NULL,
  `nombre_alumno` varchar(55) NOT NULL,
  `dni_alumno` int(9) NOT NULL,
  `ano_alumno` int(1) NOT NULL,
  `id_sede` int(11) NOT NULL
) ENGINE=InnoDB DEFAULT CHARSET=utf8mb4 COLLATE=utf8mb4_general_ci;

--
-- Volcado de datos para la tabla `alumnos`
--

INSERT INTO `alumnos` (`id_alumno`, `nombre_alumno`, `dni_alumno`, `ano_alumno`, `id_sede`) VALUES
(1, 'BENITEZ ANDRES JOEL', 52299602, 1, 1),
(2, 'BENITEZ DANIEL', 54377474, 1, 1),
(3, 'BENITEZ JOEL ADRIAN', 52527282, 1, 1),
(4, 'CHAMORRO ANABELA', 50818515, 1, 1),
(5, 'GALEANO FRANCISCA', 52527276, 1, 1),
(6, 'VELAZQUEZ CINTIA CAROLINA', 52527268, 1, 1),
(7, 'VELAZQUEZ DANIEL FALVIO', 52739790, 1, 1),
(8, 'VELAZQUEZ DIEGO ARIEL', 52527269, 1, 1),
(9, 'VELAZQUEZ NELSON MARTIN', 50570901, 1, 1),
(11, 'VILLALBA GABRIEL RODRIGO', 52305770, 1, 1),
(12, 'BENITEZ ANDI RAFAEL', 52527279, 2, 1),
(13, 'CHAMORRO PRICILA MAXIMA', 48888894, 2, 1),
(14, 'BENITEZ DIANA ROSALIA', 48888430, 3, 1),
(15, 'BENITEZ RICHARD MATIAS', 45340971, 3, 1),
(16, 'BENITEZ ROSALIA BEATRIZ', 49134576, 3, 1),
(17, 'GIMENEZ SILVESTRE', 50429356, 3, 1),
(18, 'VELAZQUEZ SOFIA MARISOL', 49134584, 3, 1),
(19, 'VILLALBA ELISEO', 49870706, 3, 1),
(20, 'BENITEZ LISANDRA GABRIELA', 49473324, 4, 1),
(21, 'BENITEZ MATIAS ARMANDO', 52527281, 4, 1),
(22, 'BENITEZ VANESA SOLEDAD', 47111686, 4, 1),
(23, 'CHAMORRO CLARISA NILDA', 48888862, 4, 1),
(24, 'VELAZQUEZ BEATRIZ JAQUELINE', 48888437, 4, 1),
(25, 'VELAZQUEZ SANTA GRICELDA', 45391937, 4, 1),
(26, 'GIMENEZ ANTONIO WUILSON', 46851700, 5, 1),
(27, 'VELAZQUEZ CLARA', 48474382, 5, 1),
(28, 'VELAZQUEZ MARIBEL', 47108569, 5, 1),
(30, 'VELAZQUEZ TADEO JOSE', 48474395, 5, 1),
(31, 'ALDERETE LEANDRO LEONARDO', 52063479, 1, 2),
(32, 'BATISTA JULIANA ANABEL', 50115075, 1, 2),
(33, 'Montenegro Jonathan', 50458920, 1, 2),
(34, 'Paniagua Alan David', 49941909, 1, 2),
(35, 'Rios Lautaro', 50205916, 1, 2),
(36, 'Romero Alexis Natanael', 49475728, 1, 2),
(37, 'SILVEIRA Rodrigo Sebastián', 50571825, 1, 2),
(38, 'Gomez Agustina Estefanía', 47999298, 2, 2),
(39, 'Machado Marianela Agustina', 51214721, 2, 2),
(40, 'Pismeny Juan Manuel', 49993481, 2, 2),
(41, 'Solis Yesenia Isabel', 48611020, 2, 2),
(42, 'Camargo Yohana Yaquelín', 49941983, 3, 2),
(43, 'ARAUJO, Eylin Elsa Victoria', 49389314, 4, 2),
(44, 'CAMARGO, María Belén', 47534079, 4, 2),
(45, 'DOMINIKO, María del Rosario', 48889258, 4, 2),
(46, 'MACHADO, Diamela Marisel', 49659772, 4, 2),
(47, 'PEDROZO, Leonel', 49097147, 4, 2),
(48, 'PEDROZO, Perla Itatí', 49185092, 4, 2),
(49, 'RÍOS, Ruth Evelin', 46389922, 4, 2),
(50, 'SILVEIRA, Carlos Fabián', 45789481, 4, 2),
(51, 'ANTUNEZ, Lujan Itatí', 47996967, 5, 2),
(52, 'CORREA DA SILVA, Valentín Franco Javier', 46853244, 5, 2),
(53, 'MACHADO, Geserela Maribel', 47996909, 5, 2),
(54, 'PEDROZO, Héctor Ramón', 50207089, 5, 2),
(55, 'PISMENY, Teresita Dominga', 46787755, 5, 2),
(56, 'Almeida Nahiara Alejandra', 50344362, 1, 3),
(57, 'Alvez Luis Miguel', 50164087, 1, 3),
(58, 'Benitez Narzo Leandro', 50456991, 1, 3),
(59, 'Caceres Jose ', 56170685, 1, 3),
(60, 'Denis Rocio Schandela ', 52302411, 1, 3),
(61, 'Duarte Braian Daniel', 48888445, 1, 3),
(62, 'Duarte Elida Soledad', 51115959, 1, 3),
(64, 'Fernandez Sabina ', 52527254, 1, 3),
(65, 'Franco Adrian ', 50730256, 1, 3),
(66, 'Franco Elena Eliana ', 52522069, 1, 3),
(67, 'Garay Michely Belen', 52303719, 1, 3),
(68, 'Gonzalez Fermina Emilia', 48652190, 1, 3),
(69, 'Lasch Michael Leonir ', 49994936, 1, 3),
(70, 'Lenz Juliana Magali', 51424719, 1, 3),
(71, 'Ludke Alejandra Daniela ', 50429847, 1, 3),
(72, 'Mendez Agustina ', 53362586, 1, 3),
(73, 'Mendez Rosendo', 51076909, 1, 3),
(74, 'Mendez Vito Marcos ', 50570916, 1, 3),
(75, 'Pamzenhagen  Felipe Naijan ', 52105355, 1, 3),
(76, 'Pereira Fabricio Jonás ', 49134926, 1, 3),
(77, 'Pruss Braian Catriel ', 49694251, 1, 3),
(78, 'Rodriguez Esequiel ', 49694287, 1, 3),
(79, 'Winsel Sofia Ester', 50941511, 1, 3),
(80, 'Almeida Milagros Fernanda ', 49475590, 1, 3),
(82, 'Garay Ariel ', 50344455, 2, 3),
(83, 'Patiño Fabricio Nahuel ', 49811803, 2, 3),
(84, 'Schneider Maicon Actian ', 50458525, 2, 3),
(85, 'Alegre Griselda Celeste ', 49942081, 2, 3),
(86, 'Chamorro Fermin ', 48652165, 2, 3),
(87, 'Garay Dario Gabriel ', 49185098, 3, 3),
(88, 'Mendez Nelson ', 53362587, 3, 3),
(89, 'Nielsson Ana Mariela ', 49694298, 3, 3),
(90, 'Rodriguez Darley', 48887196, 3, 3),
(91, 'Tatsch Alison Daniel', 49390932, 3, 3),
(92, 'Wiebbelling Mariana ', 49870042, 3, 3),
(93, 'Brixner Carolina ', 49026363, 3, 3),
(94, 'Chamorro Mariano ', 48652164, 3, 3),
(95, 'Diel Cristina Soledad ', 49133389, 4, 3),
(96, 'Drost Agustin Jose', 49391203, 4, 3),
(97, 'Alvez Ismael Antonio', 48827659, 4, 3),
(98, 'Antunez Camila Ramona ', 46784687, 4, 3),
(99, 'Duarte Diego ', 49026391, 5, 3),
(100, 'Gimenez Franco Miriam ', 52304489, 5, 3),
(101, 'Lasch Jefferson Leomar', 48265950, 5, 3),
(102, 'Mendez Claudia Roberta ', 49026393, 5, 3),
(103, 'Mendez Teodoro', 49026394, 5, 3),
(104, 'Stumpf Fernando Daniel ', 47110063, 5, 3),
(105, 'Analía Soledad Segovia ', 51593818, 5, 3),
(106, 'Analia Villalba ', 44952434, 5, 3),
(108, 'Apostolaqui Emanuel Jesús ', 50542828, 1, 4),
(109, 'Benítez Talía ', 52308612, 1, 4),
(110, 'Daniel González ', 50456750, 1, 4),
(111, 'Dos reís Melani Macarena ', 49570150, 1, 4),
(112, 'Escobar alexander', 4889163, 1, 4),
(113, 'Esteban Orlando Espinola ', 50115749, 1, 4),
(114, 'Estefania Carina Benítez ', 52065365, 1, 4),
(115, 'Lucas Ezequiel ceconi', 51305297, 1, 4),
(116, 'Marcelo Gimenez', 49389715, 1, 4),
(117, 'Martinez Joaquín ', 53233350, 1, 4),
(118, 'Villalba analia', 44922434, 1, 4),
(120, 'Elvira gimenez', 46166380, 1, 4),
(121, 'Juan Gabriel Duarte ', 50730550, 1, 4),
(123, 'Martinez Eduardo ', 53233349, 2, 4),
(124, 'Segovia luz marina ', 49659040, 2, 4),
(126, 'Carolina Martínez ', 50663135, 2, 4),
(127, 'Ferreira Leonela', 48355877, 3, 4),
(128, 'Gloria Rocío Coronel ', 51082879, 3, 4),
(132, 'Guillermo Barreto ', 48475029, 3, 4),
(133, 'Ibarra Leal José Ignacio ', 50432444, 3, 4),
(134, 'Mary Marcia Coronel ', 51082880, 3, 4),
(135, 'Servin Jorge', 54077916, 3, 4),
(136, 'Tatiana Gabriela baungart ', 49570452, 3, 4),
(137, 'Villalba Juliana ', 43330823, 3, 4),
(138, 'Wiedemann Aylen', 48949223, 3, 4),
(139, 'Yanina Coronel Espinola ', 49338248, 3, 4),
(140, 'Clara jazmín morel sanabria ', 48502691, 3, 4),
(141, 'Clara Yoana Cañete ', 45555443, 3, 4),
(142, 'Martinez Facundo Javier ', 53233348, 4, 4),
(143, 'Rodríguez Pedro ', 46831706, 4, 4),
(144, 'Santhiago Jose Duarte', 48949286, 4, 4),
(145, 'Aguilera Tomás ', 46676936, 4, 4),
(146, 'Benitez  Yeni', 46729975, 4, 4),
(147, 'Duarte Natalia ', 47536130, 5, 4),
(148, 'LEANDRO JAVIER ACOSTA', 41633190, 5, 4),
(149, 'Mario de Jesús López flores ', 96244509, 5, 4),
(152, 'Márquez Karen Mariel ', 48475028, 5, 4),
(153, 'Melisa Guadalupe López Flores ', 96219857, 5, 4),
(155, 'Roche amado ', 56170627, 5, 4),
(156, 'Rodrigo Roche ', 56170626, 5, 4),
(157, 'Villalba Hermosilla Marta', 54715984, 5, 4),
(158, 'Yuhana Gonzalez', 48197850, 5, 4),
(159, 'BENITEZ FERNANDEZ ESTELA NARSI', 48888428, 5, 4),
(160, 'BENITEZ JULIAN MATEO', 49660902, 5, 4),
(161, 'Benitez Keila Tamara ', 54035811, 1, 5),
(162, 'Benitez Noelia', 55491254, 1, 5),
(163, 'Benitez Simon', 52810176, 1, 5),
(164, 'Castillo Cintia', 52174385, 1, 5),
(165, 'Chamorro Flavio Amado', 50731260, 1, 5),
(166, 'Chamorro Hernan Herminio', 50570935, 1, 5),
(167, 'Chamorro Paulina ', 49390948, 1, 5),
(168, 'DA SILVA MATIAS NICOLAS', 52527256, 1, 5),
(169, 'Da Silva Yanina Evelin', 51377867, 1, 5),
(170, 'Dos Santos Mar Estela', 52299860, 1, 5),
(171, 'Fernandez Celestina', 50570933, 1, 5),
(172, 'Fernandez Lucio', 50570932, 1, 5),
(173, 'Fraitag José Octavio', 51424723, 1, 5),
(174, 'Morinigo Abel Alvaro', 49134982, 1, 5),
(175, 'Morinigo Fabian', 50730274, 1, 5),
(176, 'Morinigo Mayeli Beatriz', 50429822, 1, 5),
(177, 'Nuñez Camila', 52304405, 1, 5),
(178, 'Nuñez Lucio', 52527235, 1, 5),
(179, 'Sosa Beatriz Yamila', 51424770, 1, 5),
(180, 'Sosa Diego', 51076901, 1, 5),
(181, 'Sosa Felipe', 50941575, 1, 5),
(182, 'Sosa Hector Francisco', 50570939, 1, 5),
(183, 'Sosa Julian', 51076959, 1, 5),
(184, 'Sosa Marina', 52174317, 1, 5),
(185, 'Sosa Renzo Emanuel', 54715937, 1, 5),
(186, 'Sosa Vanesa', 52174398, 1, 5),
(187, 'Benitez Adriana', 50941502, 2, 5),
(188, 'Benitez Angela', 51377869, 2, 5),
(189, 'Benitez Juliana ', 50429895, 2, 5),
(190, 'Castillo Griselda', 50572151, 2, 5),
(191, 'Chamorro Cintia Sonia', 51377871, 2, 5),
(192, 'Dos Santos Patricio', 50941536, 2, 5),
(193, 'Escobar Daniel', 50208937, 2, 5),
(194, 'Fernandez Eleuterio', 52527289, 2, 5),
(195, 'Fernandez Leandro', 50940128, 2, 5),
(196, 'Fernandez Yesica ', 59073987, 2, 5),
(197, 'Nuñez Analia', 46477943, 2, 5),
(198, 'Sosa Beatriz Pamela', 54715911, 2, 5),
(199, 'Sosa Vanina Vanesa', 54715936, 2, 5),
(200, 'Villalba Gabriela Beatriz', 50572189, 2, 5),
(201, 'Castillo Adrian', 50731279, 3, 5),
(202, 'Mendez Rene Maximo', 47534117, 3, 5),
(203, 'Nuñez Betina', 46851683, 3, 5),
(204, 'Olivera Marcio', 50731269, 3, 5),
(205, 'Rodriguez Alexis', 50208929, 3, 5),
(206, 'Rodriguez Lisandra Gisel', 54077963, 3, 5),
(207, 'Sosa Beatriz', 50731253, 3, 5),
(208, 'Sosa Edilson Mauro', 49390974, 3, 5),
(209, 'Sosa Geronimo', 50731251, 3, 5),
(210, 'Sosa Maximiliano', 50731249, 3, 5),
(211, 'Villalba Elena', 54076309, 3, 5),
(212, 'Villalba Nahuel Ezequiel', 50165347, 3, 5),
(214, 'Benitez Reinaldo Felipe', 53538262, 4, 5),
(215, 'Castillo Vanesa', 48473864, 4, 5),
(216, 'Chamorro Sergio', 49477099, 4, 5),
(217, 'Dos Santos Jesica', 48652196, 4, 5),
(218, 'Fernandez Walter Ivan', 47593962, 4, 5),
(219, 'Kelm Gilberto', 48653514, 4, 5),
(220, 'Kelm Rodrigo', 47110421, 4, 5),
(221, 'Mendes Daniela', 48888168, 4, 5),
(222, 'Rodriguez Pamela Beatriz', 45788899, 4, 5),
(223, 'Benitez Susana', 18898654, 5, 5),
(224, 'Chamorro Agustin', 49390946, 5, 5),
(225, 'Fleitas William Jose', 48887137, 5, 5),
(226, 'Fraitag Giovana Debora', 48887226, 5, 5),
(227, 'Olivera Ladislao', 52739795, 5, 5),
(228, 'Sosa Hugo Gabriel', 54715910, 5, 5),
(229, 'Sosa Yakelin Yoselin', 54715935, 5, 5),
(230, 'Villalba Karina', 48652176, 5, 5),
(231, 'Villalba Yeni Vanesa', 48652110, 5, 5),
(232, 'BENITEZ WILIAM DAVID ', 49134575, 1, 6),
(233, 'BRITEZ ROSALINO', 52522068, 1, 6),
(234, 'Castillo Gustavo Javier ', 48473993, 1, 6),
(235, 'CHAMORRO AMADEO CARLOS', 48888859, 1, 6),
(236, 'CHAMORRO JAIME IVAN', 51375783, 1, 6),
(237, 'CHAMORRO SAUL ELISEO', 51213133, 1, 6),
(238, 'FERNANDEZ DIEGO ISAIAS', 49872388, 1, 6),
(239, 'FERNANDEZ GRISELDA', 50345886, 1, 6),
(240, 'MEDINA ALAN JEREMIAS', 50115469, 1, 6),
(241, 'OLIVERA MATIAS', 49134597, 1, 6),
(242, 'RAMOS MAGDALENA', 47592537, 1, 6),
(243, 'SAYA ABIGAIL AZUL', 51213605, 1, 6),
(244, 'ACOSTA MAIRA BELEN', 48888421, 1, 6),
(245, 'ACOSTA MARINA IANA', 49788922, 1, 6),
(246, 'BENITEZ ISMAEL MATIAS', 46851676, 2, 6),
(247, 'BENITEZ LUZ MARINA', 52527300, 2, 6),
(248, 'CABAÑAS MARIA LUZ', 48888865, 2, 6),
(249, 'CHAMORRO ALEXANDER', 49695100, 2, 6),
(250, 'RAMOS WALTER SIMON', 46851688, 2, 6),
(251, 'SOSA LEANDRO SAMUEL', 50731271, 2, 6),
(252, 'SOSA ROSALIA REINALDA', 50819059, 2, 6),
(253, 'VILLALBA YON AXEL', 47728427, 2, 6),
(254, 'ACOSTA EMERSON', 49788921, 2, 6),
(255, 'BENITEZ ALEXIS', 46478952, 2, 6),
(256, 'BENITEZ YENIFER MARIA JOSEFA', 46832330, 3, 6),
(257, 'OLIVERA DIEGO', 48888422, 3, 6),
(258, 'RAMOS AXEL SAMUEL', 48888873, 3, 6),
(259, 'RAMOS JONAS', 48474389, 3, 6),
(260, 'RAMOS NAYELI', 49134552, 3, 6),
(261, 'SAYA CELENA MARIEL', 48950618, 3, 6),
(262, 'SOSA SOFIA', 49134936, 3, 6),
(263, 'ACOSTA VANINA SOLEDAD ', 48888420, 3, 6),
(264, 'BENITEZ BRAIAN GABRIEL', 49185133, 3, 6),
(265, 'BENITEZ SAMUEL ANDERZON', 48888419, 4, 6),
(266, 'OLIVERA RUBÉN ', 44988885, 4, 6),
(267, 'BENITEZ ZULMA MARGARITA', 46851691, 4, 6),
(268, 'LOPEZ NORMA', 50940830, 4, 6),
(269, 'OLIVERA PATRICIA SANDRA', 46851682, 5, 6),
(270, 'Acosta Celeste Analia ', 50164653, 5, 6),
(271, 'Caceres Andres', 49568622, 5, 6),
(272, 'Godoy Eber Ramiro ', 50164463, 1, 7),
(273, 'Ortega Axel Fernando ', 52063432, 1, 7),
(274, 'Ortega Rosalia ', 49568635, 1, 7),
(275, 'Romero Andrea Noemi ', 45557000, 1, 7),
(276, 'Romero Angelica Elizabet ', 48545352, 1, 7),
(277, 'Romero Catalina Beatriz', 49568674, 1, 7),
(278, 'Romero Milagros Aylen', 47427105, 1, 7),
(279, 'Villalba Willian David ', 49870696, 1, 7),
(280, 'Gimenez Juan Luis ', 51426202, 1, 7),
(281, 'Gimenez Lucas Ezequiel ', 54377451, 1, 7),
(282, 'Morinigo Emilio ', 47996665, 2, 7),
(283, 'Olivera Ana Maria', 50207358, 2, 7),
(284, 'Ortega', 50940453, 2, 7),
(285, 'Gimenez Diego', 54377450, 2, 7),
(286, 'Ortega Guillermo ', 58491308, 2, 7),
(287, 'Acosta Monserrat Abigail', 47427125, 3, 7),
(288, 'Martinez Esteban', 45135977, 3, 7),
(289, 'Cabrera Carmelo Sebastian', 46240261, 4, 7),
(290, 'Blanco, Sofia Sara', 52309471, 4, 7),
(291, 'Carvalho Da Silva Cintia Celeste ', 51307180, 5, 7),
(292, 'Carvalho Da Silva Esther Celeste', 51307181, 1, 8),
(293, 'Da Silva Rocío Claribel', 51545214, 1, 8),
(294, 'GROSEILLE,EDUARDO ENRIQUE', 49278962, 1, 8),
(295, 'Irepa Luzmila Jazmin', 50206713, 1, 8),
(296, 'Monteiro Santiago', 52301291, 1, 8),
(297, 'Ostapiuck Adriana', 51084234, 1, 8),
(298, 'Otto Ronaaldo Geremias', 49788919, 1, 8),
(299, 'Rodriguez Leonel', 51076674, 1, 8),
(300, 'Rodriguez Marcos Javier', 51076673, 1, 8),
(301, 'Alvez Priscila', 50730043, 1, 8),
(302, 'Ayala Yohana Marisel', 51076756, 1, 8),
(303, 'Da Silveira Milagros Ayelén', 50457731, 2, 8),
(304, 'Gysin Milagros Belén', 50115591, 2, 8),
(305, 'Monteiro Romina', 50729805, 2, 8),
(306, 'Pintos Edgardo Pedro', 49277886, 2, 8),
(307, 'Rodriguez Gisel', 50207276, 2, 8),
(308, 'BLANCO PABLO EXEQUIEL', 50115569, 2, 8),
(309, 'DA SILVA MAITE AYELEN', 49887177, 2, 8),
(310, 'DA SILVA ALEJANDRA MARISOL', 48355550, 3, 8),
(312, 'Pintos Damaris Kiara', 48612370, 4, 8),
(313, 'BECCARIA AYMARA KATHERINE', 48571270, 4, 8),
(314, 'DA SILVEIRA MARCIA ROMINA', 48741914, 4, 8),
(315, 'Alvez de Olivera Alexander Fredy', 49788178, 5, 8),
(316, 'AREVALO FRANCO NATANAEL', 49570638, 5, 8),
(317, 'BENITEZ ANA LUZ', 50345018, 1, 9),
(318, 'BENITEZ LUZ JAZMIN', 48887725, 1, 9),
(319, 'BUENO CARMEN BEATRIZ', 46303358, 1, 9),
(320, 'DUARTE ALEJANDRO DAVID', 52527219, 1, 9),
(321, 'DUARTE DANIEL', 45842270, 1, 9),
(322, 'FRANCO JOSUE GABRIEL', 51425221, 1, 9),
(323, 'FRANCO RAMON FABIO', 48090364, 1, 9),
(324, 'MERCADO KARINA BELEN', 50429348, 1, 9),
(325, 'OLIVERA MARGARITA BELEN', 52304451, 1, 9),
(326, 'OLIVERA ZULMA NOELIA', 50817965, 1, 9),
(327, 'PEDROZO ESTELA BEATRIZ', 51114871, 1, 9),
(328, 'Valeria olivera ', 50165566, 1, 9),
(329, 'VILLALBA ANDRES', 48888413, 1, 9),
(330, 'FRANCO LUIS LAZARO', 49994885, 1, 9),
(331, 'GUERRERO ANGEL SEBASTIAN', 51077102, 1, 9),
(332, 'JAVIER SHARON BELINDA IRIEL', 49569092, 2, 9),
(333, 'Lezcano Lautaro Clarito', 49788158, 2, 9),
(334, 'Lezcano Lucia Ayelen', 50817923, 2, 9),
(335, 'MACHADO CARLA', 50165563, 2, 9),
(336, 'Tiribe Florencia Cecilia', 48089324, 2, 9),
(337, 'VEGA LUZMILA BELEN', 47536002, 2, 9),
(338, 'Villalba Facundo Brandon', 52527217, 2, 9),
(340, 'VILLALBA MAIRA CELESTE', 46304454, 2, 9),
(341, 'FRANCO MAIDELEN VIVIANA', 49336401, 2, 9),
(342, 'GARCIA JOSE ARMANDO', 48887760, 2, 9),
(343, 'Lezcano Kevin Exequiel', 48887767, 3, 9),
(344, 'LEZCANO MARIA GUADALUPE', 1111111, 3, 9),
(345, 'Nazaretno Torres Yulian Jazmín', 49994886, 3, 9),
(346, 'Olivera Giemna Ayisel', 48953026, 3, 9),
(347, 'Vega Dylan Emanuel', 51299849, 3, 9),
(348, 'Vega Lisandro', 46300996, 3, 9),
(349, 'De los Santos', 47596478, 4, 9),
(350, 'Germán esteban olivera ', 46240338, 4, 9),
(352, 'Juan Manuel Franco', 47890269, 5, 9),
(353, 'OLIVERA CRISTIAN ADRIAN', 45025780, 5, 9),
(354, 'Olivera Orlando Javier', 47999202, 5, 9),
(355, 'Paola Soledad Guerrero ', 46980674, 5, 9),
(356, 'Vera Claudio Joaquin', 46551470, 5, 9),
(358, 'Ferreira Josue', 52305116, 5, 9),
(359, 'FERREIRA NEWEN', 49992589, 1, 10),
(360, 'MENDEZ ELVIDAN GABRIEL', 50570474, 1, 10),
(361, 'MOREIRA DANTE ADRIAN', 49694672, 1, 10),
(362, 'MOREIRA KELO GASTÓN', 49694671, 1, 10),
(363, 'NUÑEZ RUBEN', 49872044, 1, 10),
(364, 'BENITEZ TOMAS SAMUEL', 51114823, 1, 10),
(366, 'Duarte Valentino Rodrigo ', 49568680, 2, 10),
(367, 'FERREIRA PRISCILA TALIA', 50457322, 2, 10),
(368, 'CABRAL HERNAN GUSTAVINI', 43420115, 2, 10),
(369, 'CASTILLO SOL MILENA', 49187709, 2, 10),
(370, 'CHAMORRO DAIANA VERENICE', 41615477, 3, 10),
(371, 'CHAMORRO NAHIARA', 49187734, 3, 10),
(372, 'DUARTE NINFA SUELI', 49187764, 3, 10),
(373, 'FRANCO ALAN ISAÍAS', 47889216, 3, 10),
(374, 'MOREIRA CHELA MAHITE', 49694673, 3, 10),
(375, 'VALLEJOS IXIEL MATIAS', 49027801, 3, 10),
(376, 'BENITEZ NATALIA PANTALEAN', 46550011, 3, 10),
(377, 'BENITEZ TAWANI CRISTAL', 49187719, 3, 10),
(378, 'CHAMORRO MATEO', 47427545, 4, 10),
(379, 'CHAMORRO NATANAEL', 47427546, 4, 10),
(380, 'FERREIRA RENSO ISAÍ', 46086849, 5, 10),
(381, 'BENITEZ AXEL BRAHIAN', 52527280, 1, 1);

-- --------------------------------------------------------

--
-- Estructura de tabla para la tabla `inscripciones`
--

CREATE TABLE `inscripciones` (
  `id_inscripcion` int(11) NOT NULL,
  `id_alumno` int(11) NOT NULL,
  `id_materia` int(11) NOT NULL
) ENGINE=InnoDB DEFAULT CHARSET=utf8mb4 COLLATE=utf8mb4_general_ci;

--
-- Volcado de datos para la tabla `inscripciones`
--

INSERT INTO `inscripciones` (`id_inscripcion`, `id_alumno`, `id_materia`) VALUES
(4025, 1, 1),
(4026, 1, 2),
(4027, 1, 3),
(4028, 1, 4),
(4029, 1, 5),
(4030, 1, 6),
(4031, 1, 7),
(4032, 1, 8),
(4033, 1, 9),
(4034, 1, 10),
(4035, 1, 11),
(4036, 2, 1),
(4037, 2, 2),
(4038, 2, 3),
(4039, 2, 4),
(4040, 2, 5),
(4041, 2, 6),
(4042, 2, 7),
(4043, 2, 8),
(4044, 2, 9),
(4045, 2, 10),
(4046, 2, 11),
(4047, 3, 1),
(4048, 3, 2),
(4049, 3, 3),
(4050, 3, 4),
(4051, 3, 5),
(4052, 3, 6),
(4053, 3, 7),
(4054, 3, 8),
(4055, 3, 9),
(4056, 3, 10),
(4057, 3, 11),
(4058, 4, 1),
(4059, 4, 2),
(4060, 4, 3),
(4061, 4, 4),
(4062, 4, 5),
(4063, 4, 6),
(4064, 4, 7),
(4065, 4, 8),
(4066, 4, 9),
(4067, 4, 10),
(4068, 4, 11),
(4069, 5, 1),
(4070, 5, 2),
(4071, 5, 3),
(4072, 5, 4),
(4073, 5, 5),
(4074, 5, 6),
(4075, 5, 7),
(4076, 5, 8),
(4077, 5, 9),
(4078, 5, 10),
(4079, 5, 11),
(4080, 6, 1),
(4081, 6, 2),
(4082, 6, 3),
(4083, 6, 4),
(4084, 6, 5),
(4085, 6, 6),
(4086, 6, 7),
(4087, 6, 8),
(4088, 6, 9),
(4089, 6, 10),
(4090, 6, 11),
(4091, 7, 1),
(4092, 7, 2),
(4093, 7, 3),
(4094, 7, 4),
(4095, 7, 5),
(4096, 7, 6),
(4097, 7, 7),
(4098, 7, 8),
(4099, 7, 9),
(4100, 7, 10),
(4101, 7, 11),
(4102, 8, 1),
(4103, 8, 2),
(4104, 8, 3),
(4105, 8, 4),
(4106, 8, 5),
(4107, 8, 6),
(4108, 8, 7),
(4109, 8, 8),
(4110, 8, 9),
(4111, 8, 10),
(4112, 8, 11),
(4113, 9, 1),
(4114, 9, 2),
(4115, 9, 3),
(4116, 9, 4),
(4117, 9, 5),
(4118, 9, 6),
(4119, 9, 7),
(4120, 9, 8),
(4121, 9, 9),
(4122, 9, 10),
(4123, 9, 11),
(4124, 11, 1),
(4125, 11, 2),
(4126, 11, 3),
(4127, 11, 4),
(4128, 11, 5),
(4129, 11, 6),
(4130, 11, 7),
(4131, 11, 8),
(4132, 11, 9),
(4133, 11, 10),
(4134, 11, 11),
(4135, 12, 12),
(4136, 12, 13),
(4137, 12, 14),
(4138, 12, 15),
(4139, 12, 16),
(4140, 12, 17),
(4141, 12, 18),
(4142, 12, 19),
(4143, 12, 20),
(4144, 12, 21),
(4145, 12, 22),
(4146, 13, 12),
(4147, 13, 13),
(4148, 13, 14),
(4149, 13, 15),
(4150, 13, 16),
(4151, 13, 17),
(4152, 13, 18),
(4153, 13, 19),
(4154, 13, 20),
(4155, 13, 21),
(4156, 13, 22),
(4157, 14, 23),
(4158, 14, 24),
(4159, 14, 25),
(4160, 14, 26),
(4161, 14, 27),
(4162, 14, 28),
(4163, 14, 29),
(4164, 14, 30),
(4165, 14, 31),
(4166, 14, 32),
(4167, 14, 33),
(4168, 15, 23),
(4169, 15, 24),
(4170, 15, 25),
(4171, 15, 26),
(4172, 15, 27),
(4173, 15, 28),
(4174, 15, 29),
(4175, 15, 30),
(4176, 15, 31),
(4177, 15, 32),
(4178, 15, 33),
(4179, 16, 23),
(4180, 16, 24),
(4181, 16, 25),
(4182, 16, 26),
(4183, 16, 27),
(4184, 16, 28),
(4185, 16, 29),
(4186, 16, 30),
(4187, 16, 31),
(4188, 16, 32),
(4189, 16, 33),
(4190, 17, 23),
(4191, 17, 24),
(4192, 17, 25),
(4193, 17, 26),
(4194, 17, 27),
(4195, 17, 28),
(4196, 17, 29),
(4197, 17, 30),
(4198, 17, 31),
(4199, 17, 32),
(4200, 17, 33),
(4201, 18, 23),
(4202, 18, 24),
(4203, 18, 25),
(4204, 18, 26),
(4205, 18, 27),
(4206, 18, 28),
(4207, 18, 29),
(4208, 18, 30),
(4209, 18, 31),
(4210, 18, 32),
(4211, 18, 33),
(4212, 19, 23),
(4213, 19, 24),
(4214, 19, 25),
(4215, 19, 26),
(4216, 19, 27),
(4217, 19, 28),
(4218, 19, 29),
(4219, 19, 30),
(4220, 19, 31),
(4221, 19, 32),
(4222, 19, 33),
(4223, 20, 34),
(4224, 20, 35),
(4225, 20, 36),
(4226, 20, 37),
(4227, 20, 38),
(4228, 20, 39),
(4229, 20, 40),
(4230, 20, 41),
(4231, 20, 42),
(4232, 20, 43),
(4233, 20, 44),
(4234, 21, 34),
(4235, 21, 35),
(4236, 21, 36),
(4237, 21, 37),
(4238, 21, 38),
(4239, 21, 39),
(4240, 21, 40),
(4241, 21, 41),
(4242, 21, 42),
(4243, 21, 43),
(4244, 21, 44),
(4245, 22, 34),
(4246, 22, 35),
(4247, 22, 36),
(4248, 22, 37),
(4249, 22, 38),
(4250, 22, 39),
(4251, 22, 40),
(4252, 22, 41),
(4253, 22, 42),
(4254, 22, 43),
(4255, 22, 44),
(4256, 23, 34),
(4257, 23, 35),
(4258, 23, 36),
(4259, 23, 37),
(4260, 23, 38),
(4261, 23, 39),
(4262, 23, 40),
(4263, 23, 41),
(4264, 23, 42),
(4265, 23, 43),
(4266, 23, 44),
(4267, 24, 34),
(4268, 24, 35),
(4269, 24, 36),
(4270, 24, 37),
(4271, 24, 38),
(4272, 24, 39),
(4273, 24, 40),
(4274, 24, 41),
(4275, 24, 42),
(4276, 24, 43),
(4277, 24, 44),
(4278, 25, 34),
(4279, 25, 35),
(4280, 25, 36),
(4281, 25, 37),
(4282, 25, 38),
(4283, 25, 39),
(4284, 25, 40),
(4285, 25, 41),
(4286, 25, 42),
(4287, 25, 43),
(4288, 25, 44),
(4289, 26, 45),
(4290, 26, 46),
(4291, 26, 47),
(4292, 26, 48),
(4293, 26, 49),
(4294, 26, 50),
(4295, 26, 51),
(4296, 26, 52),
(4297, 26, 53),
(4298, 26, 54),
(4299, 26, 55),
(4300, 27, 45),
(4301, 27, 46),
(4302, 27, 47),
(4303, 27, 48),
(4304, 27, 49),
(4305, 27, 50),
(4306, 27, 51),
(4307, 27, 52),
(4308, 27, 53),
(4309, 27, 54),
(4310, 27, 55),
(4311, 28, 45),
(4312, 28, 46),
(4313, 28, 47),
(4314, 28, 48),
(4315, 28, 49),
(4316, 28, 50),
(4317, 28, 51),
(4318, 28, 52),
(4319, 28, 53),
(4320, 28, 54),
(4321, 28, 55),
(4322, 30, 45),
(4323, 30, 46),
(4324, 30, 47),
(4325, 30, 48),
(4326, 30, 49),
(4327, 30, 50),
(4328, 30, 51),
(4329, 30, 52),
(4330, 30, 53),
(4331, 30, 54),
(4332, 30, 55),
(4333, 31, 1),
(4334, 31, 2),
(4335, 31, 3),
(4336, 31, 4),
(4337, 31, 5),
(4338, 31, 6),
(4339, 31, 7),
(4340, 31, 8),
(4341, 31, 9),
(4342, 31, 10),
(4343, 31, 11),
(4344, 32, 1),
(4345, 32, 2),
(4346, 32, 3),
(4347, 32, 4),
(4348, 32, 5),
(4349, 32, 6),
(4350, 32, 7),
(4351, 32, 8),
(4352, 32, 9),
(4353, 32, 10),
(4354, 32, 11),
(4355, 33, 1),
(4356, 33, 2),
(4357, 33, 3),
(4358, 33, 4),
(4359, 33, 5),
(4360, 33, 6),
(4361, 33, 7),
(4362, 33, 8),
(4363, 33, 9),
(4364, 33, 10),
(4365, 33, 11),
(4366, 34, 1),
(4367, 34, 2),
(4368, 34, 3),
(4369, 34, 4),
(4370, 34, 5),
(4371, 34, 6),
(4372, 34, 7),
(4373, 34, 8),
(4374, 34, 9),
(4375, 34, 10),
(4376, 34, 11),
(4377, 35, 1),
(4378, 35, 2),
(4379, 35, 3),
(4380, 35, 4),
(4381, 35, 5),
(4382, 35, 6),
(4383, 35, 7),
(4384, 35, 8),
(4385, 35, 9),
(4386, 35, 10),
(4387, 35, 11),
(4388, 36, 1),
(4389, 36, 2),
(4390, 36, 3),
(4391, 36, 4),
(4392, 36, 5),
(4393, 36, 6),
(4394, 36, 7),
(4395, 36, 8),
(4396, 36, 9),
(4397, 36, 10),
(4398, 36, 11),
(4399, 37, 1),
(4400, 37, 2),
(4401, 37, 3),
(4402, 37, 4),
(4403, 37, 5),
(4404, 37, 6),
(4405, 37, 7),
(4406, 37, 8),
(4407, 37, 9),
(4408, 37, 10),
(4409, 37, 11),
(4410, 38, 12),
(4411, 38, 13),
(4412, 38, 14),
(4413, 38, 15),
(4414, 38, 16),
(4415, 38, 17),
(4416, 38, 18),
(4417, 38, 19),
(4418, 38, 20),
(4419, 38, 21),
(4420, 38, 22),
(4421, 39, 12),
(4422, 39, 13),
(4423, 39, 14),
(4424, 39, 15),
(4425, 39, 16),
(4426, 39, 17),
(4427, 39, 18),
(4428, 39, 19),
(4429, 39, 20),
(4430, 39, 21),
(4431, 39, 22),
(4432, 40, 12),
(4433, 40, 13),
(4434, 40, 14),
(4435, 40, 15),
(4436, 40, 16),
(4437, 40, 17),
(4438, 40, 18),
(4439, 40, 19),
(4440, 40, 20),
(4441, 40, 21),
(4442, 40, 22),
(4443, 41, 12),
(4444, 41, 13),
(4445, 41, 14),
(4446, 41, 15),
(4447, 41, 16),
(4448, 41, 17),
(4449, 41, 18),
(4450, 41, 19),
(4451, 41, 20),
(4452, 41, 21),
(4453, 41, 22),
(4454, 42, 23),
(4455, 42, 24),
(4456, 42, 25),
(4457, 42, 26),
(4458, 42, 27),
(4459, 42, 28),
(4460, 42, 29),
(4461, 42, 30),
(4462, 42, 31),
(4463, 42, 32),
(4464, 42, 33),
(4465, 43, 34),
(4466, 43, 35),
(4467, 43, 36),
(4468, 43, 37),
(4469, 43, 38),
(4470, 43, 39),
(4471, 43, 40),
(4472, 43, 41),
(4473, 43, 42),
(4474, 43, 43),
(4475, 43, 44),
(4476, 44, 34),
(4477, 44, 35),
(4478, 44, 36),
(4479, 44, 37),
(4480, 44, 38),
(4481, 44, 39),
(4482, 44, 40),
(4483, 44, 41),
(4484, 44, 42),
(4485, 44, 43),
(4486, 44, 44),
(4487, 45, 34),
(4488, 45, 35),
(4489, 45, 36),
(4490, 45, 37),
(4491, 45, 38),
(4492, 45, 39),
(4493, 45, 40),
(4494, 45, 41),
(4495, 45, 42),
(4496, 45, 43),
(4497, 45, 44),
(4498, 46, 34),
(4499, 46, 35),
(4500, 46, 36),
(4501, 46, 37),
(4502, 46, 38),
(4503, 46, 39),
(4504, 46, 40),
(4505, 46, 41),
(4506, 46, 42),
(4507, 46, 43),
(4508, 46, 44),
(4509, 47, 34),
(4510, 47, 35),
(4511, 47, 36),
(4512, 47, 37),
(4513, 47, 38),
(4514, 47, 39),
(4515, 47, 40),
(4516, 47, 41),
(4517, 47, 42),
(4518, 47, 43),
(4519, 47, 44),
(4520, 48, 34),
(4521, 48, 35),
(4522, 48, 36),
(4523, 48, 37),
(4524, 48, 38),
(4525, 48, 39),
(4526, 48, 40),
(4527, 48, 41),
(4528, 48, 42),
(4529, 48, 43),
(4530, 48, 44),
(4531, 49, 34),
(4532, 49, 35),
(4533, 49, 36),
(4534, 49, 37),
(4535, 49, 38),
(4536, 49, 39),
(4537, 49, 40),
(4538, 49, 41),
(4539, 49, 42),
(4540, 49, 43),
(4541, 49, 44),
(4542, 50, 34),
(4543, 50, 35),
(4544, 50, 36),
(4545, 50, 37),
(4546, 50, 38),
(4547, 50, 39),
(4548, 50, 40),
(4549, 50, 41),
(4550, 50, 42),
(4551, 50, 43),
(4552, 50, 44),
(4553, 51, 45),
(4554, 51, 46),
(4555, 51, 47),
(4556, 51, 48),
(4557, 51, 49),
(4558, 51, 50),
(4559, 51, 51),
(4560, 51, 52),
(4561, 51, 53),
(4562, 51, 54),
(4563, 51, 55),
(4564, 52, 45),
(4565, 52, 46),
(4566, 52, 47),
(4567, 52, 48),
(4568, 52, 49),
(4569, 52, 50),
(4570, 52, 51),
(4571, 52, 52),
(4572, 52, 53),
(4573, 52, 54),
(4574, 52, 55),
(4575, 53, 45),
(4576, 53, 46),
(4577, 53, 47),
(4578, 53, 48),
(4579, 53, 49),
(4580, 53, 50),
(4581, 53, 51),
(4582, 53, 52),
(4583, 53, 53),
(4584, 53, 54),
(4585, 53, 55),
(4586, 54, 45),
(4587, 54, 46),
(4588, 54, 47),
(4589, 54, 48),
(4590, 54, 49),
(4591, 54, 50),
(4592, 54, 51),
(4593, 54, 52),
(4594, 54, 53),
(4595, 54, 54),
(4596, 54, 55),
(4597, 55, 45),
(4598, 55, 46),
(4599, 55, 47),
(4600, 55, 48),
(4601, 55, 49),
(4602, 55, 50),
(4603, 55, 51),
(4604, 55, 52),
(4605, 55, 53),
(4606, 55, 54),
(4607, 55, 55),
(4608, 56, 1),
(4609, 56, 2),
(4610, 56, 3),
(4611, 56, 4),
(4612, 56, 5),
(4613, 56, 6),
(4614, 56, 7),
(4615, 56, 8),
(4616, 56, 9),
(4617, 56, 10),
(4618, 56, 11),
(4619, 57, 1),
(4620, 57, 2),
(4621, 57, 3),
(4622, 57, 4),
(4623, 57, 5),
(4624, 57, 6),
(4625, 57, 7),
(4626, 57, 8),
(4627, 57, 9),
(4628, 57, 10),
(4629, 57, 11),
(4630, 58, 1),
(4631, 58, 2),
(4632, 58, 3),
(4633, 58, 4),
(4634, 58, 5),
(4635, 58, 6),
(4636, 58, 7),
(4637, 58, 8),
(4638, 58, 9),
(4639, 58, 10),
(4640, 58, 11),
(4641, 59, 1),
(4642, 59, 2),
(4643, 59, 3),
(4644, 59, 4),
(4645, 59, 5),
(4646, 59, 6),
(4647, 59, 7),
(4648, 59, 8),
(4649, 59, 9),
(4650, 59, 10),
(4651, 59, 11),
(4652, 60, 1),
(4653, 60, 2),
(4654, 60, 3),
(4655, 60, 4),
(4656, 60, 5),
(4657, 60, 6),
(4658, 60, 7),
(4659, 60, 8),
(4660, 60, 9),
(4661, 60, 10),
(4662, 60, 11),
(4663, 61, 1),
(4664, 61, 2),
(4665, 61, 3),
(4666, 61, 4),
(4667, 61, 5),
(4668, 61, 6),
(4669, 61, 7),
(4670, 61, 8),
(4671, 61, 9),
(4672, 61, 10),
(4673, 61, 11),
(4674, 62, 1),
(4675, 62, 2),
(4676, 62, 3),
(4677, 62, 4),
(4678, 62, 5),
(4679, 62, 6),
(4680, 62, 7),
(4681, 62, 8),
(4682, 62, 9),
(4683, 62, 10),
(4684, 62, 11),
(4685, 64, 1),
(4686, 64, 2),
(4687, 64, 3),
(4688, 64, 4),
(4689, 64, 5),
(4690, 64, 6),
(4691, 64, 7),
(4692, 64, 8),
(4693, 64, 9),
(4694, 64, 10),
(4695, 64, 11),
(4696, 65, 1),
(4697, 65, 2),
(4698, 65, 3),
(4699, 65, 4),
(4700, 65, 5),
(4701, 65, 6),
(4702, 65, 7),
(4703, 65, 8),
(4704, 65, 9),
(4705, 65, 10),
(4706, 65, 11),
(4707, 66, 1),
(4708, 66, 2),
(4709, 66, 3),
(4710, 66, 4),
(4711, 66, 5),
(4712, 66, 6),
(4713, 66, 7),
(4714, 66, 8),
(4715, 66, 9),
(4716, 66, 10),
(4717, 66, 11),
(4718, 67, 1),
(4719, 67, 2),
(4720, 67, 3),
(4721, 67, 4),
(4722, 67, 5),
(4723, 67, 6),
(4724, 67, 7),
(4725, 67, 8),
(4726, 67, 9),
(4727, 67, 10),
(4728, 67, 11),
(4729, 68, 1),
(4730, 68, 2),
(4731, 68, 3),
(4732, 68, 4),
(4733, 68, 5),
(4734, 68, 6),
(4735, 68, 7),
(4736, 68, 8),
(4737, 68, 9),
(4738, 68, 10),
(4739, 68, 11),
(4740, 69, 1),
(4741, 69, 2),
(4742, 69, 3),
(4743, 69, 4),
(4744, 69, 5),
(4745, 69, 6),
(4746, 69, 7),
(4747, 69, 8),
(4748, 69, 9),
(4749, 69, 10),
(4750, 69, 11),
(4751, 70, 1),
(4752, 70, 2),
(4753, 70, 3),
(4754, 70, 4),
(4755, 70, 5),
(4756, 70, 6),
(4757, 70, 7),
(4758, 70, 8),
(4759, 70, 9),
(4760, 70, 10),
(4761, 70, 11),
(4762, 71, 1),
(4763, 71, 2),
(4764, 71, 3),
(4765, 71, 4),
(4766, 71, 5),
(4767, 71, 6),
(4768, 71, 7),
(4769, 71, 8),
(4770, 71, 9),
(4771, 71, 10),
(4772, 71, 11),
(4773, 72, 1),
(4774, 72, 2),
(4775, 72, 3),
(4776, 72, 4),
(4777, 72, 5),
(4778, 72, 6),
(4779, 72, 7),
(4780, 72, 8),
(4781, 72, 9),
(4782, 72, 10),
(4783, 72, 11),
(4784, 73, 1),
(4785, 73, 2),
(4786, 73, 3),
(4787, 73, 4),
(4788, 73, 5),
(4789, 73, 6),
(4790, 73, 7),
(4791, 73, 8),
(4792, 73, 9),
(4793, 73, 10),
(4794, 73, 11),
(4795, 74, 1),
(4796, 74, 2),
(4797, 74, 3),
(4798, 74, 4),
(4799, 74, 5),
(4800, 74, 6),
(4801, 74, 7),
(4802, 74, 8),
(4803, 74, 9),
(4804, 74, 10),
(4805, 74, 11),
(4806, 75, 1),
(4807, 75, 2),
(4808, 75, 3),
(4809, 75, 4),
(4810, 75, 5),
(4811, 75, 6),
(4812, 75, 7),
(4813, 75, 8),
(4814, 75, 9),
(4815, 75, 10),
(4816, 75, 11),
(4817, 76, 1),
(4818, 76, 2),
(4819, 76, 3),
(4820, 76, 4),
(4821, 76, 5),
(4822, 76, 6),
(4823, 76, 7),
(4824, 76, 8),
(4825, 76, 9),
(4826, 76, 10),
(4827, 76, 11),
(4828, 77, 1),
(4829, 77, 2),
(4830, 77, 3),
(4831, 77, 4),
(4832, 77, 5),
(4833, 77, 6),
(4834, 77, 7),
(4835, 77, 8),
(4836, 77, 9),
(4837, 77, 10),
(4838, 77, 11),
(4839, 78, 1),
(4840, 78, 2),
(4841, 78, 3),
(4842, 78, 4),
(4843, 78, 5),
(4844, 78, 6),
(4845, 78, 7),
(4846, 78, 8),
(4847, 78, 9),
(4848, 78, 10),
(4849, 78, 11),
(4850, 79, 1),
(4851, 79, 2),
(4852, 79, 3),
(4853, 79, 4),
(4854, 79, 5),
(4855, 79, 6),
(4856, 79, 7),
(4857, 79, 8),
(4858, 79, 9),
(4859, 79, 10),
(4860, 79, 11),
(4861, 80, 1),
(4862, 80, 2),
(4863, 80, 3),
(4864, 80, 4),
(4865, 80, 5),
(4866, 80, 6),
(4867, 80, 7),
(4868, 80, 8),
(4869, 80, 9),
(4870, 80, 10),
(4871, 80, 11),
(4872, 82, 12),
(4873, 82, 13),
(4874, 82, 14),
(4875, 82, 15),
(4876, 82, 16),
(4877, 82, 17),
(4878, 82, 18),
(4879, 82, 19),
(4880, 82, 20),
(4881, 82, 21),
(4882, 82, 22),
(4883, 83, 12),
(4884, 83, 13),
(4885, 83, 14),
(4886, 83, 15),
(4887, 83, 16),
(4888, 83, 17),
(4889, 83, 18),
(4890, 83, 19),
(4891, 83, 20),
(4892, 83, 21),
(4893, 83, 22),
(4894, 84, 12),
(4895, 84, 13),
(4896, 84, 14),
(4897, 84, 15),
(4898, 84, 16),
(4899, 84, 17),
(4900, 84, 18),
(4901, 84, 19),
(4902, 84, 20),
(4903, 84, 21),
(4904, 84, 22),
(4905, 85, 12),
(4906, 85, 13),
(4907, 85, 14),
(4908, 85, 15),
(4909, 85, 16),
(4910, 85, 17),
(4911, 85, 18),
(4912, 85, 19),
(4913, 85, 20),
(4914, 85, 21),
(4915, 85, 22),
(4916, 86, 12),
(4917, 86, 13),
(4918, 86, 14),
(4919, 86, 15),
(4920, 86, 16),
(4921, 86, 17),
(4922, 86, 18),
(4923, 86, 19),
(4924, 86, 20),
(4925, 86, 21),
(4926, 86, 22),
(4927, 87, 23),
(4928, 87, 24),
(4929, 87, 25),
(4930, 87, 26),
(4931, 87, 27),
(4932, 87, 28),
(4933, 87, 29),
(4934, 87, 30),
(4935, 87, 31),
(4936, 87, 32),
(4937, 87, 33),
(4938, 88, 23),
(4939, 88, 24),
(4940, 88, 25),
(4941, 88, 26),
(4942, 88, 27),
(4943, 88, 28),
(4944, 88, 29),
(4945, 88, 30),
(4946, 88, 31),
(4947, 88, 32),
(4948, 88, 33),
(4949, 89, 23),
(4950, 89, 24),
(4951, 89, 25),
(4952, 89, 26),
(4953, 89, 27),
(4954, 89, 28),
(4955, 89, 29),
(4956, 89, 30),
(4957, 89, 31),
(4958, 89, 32),
(4959, 89, 33),
(4960, 90, 23),
(4961, 90, 24),
(4962, 90, 25),
(4963, 90, 26),
(4964, 90, 27),
(4965, 90, 28),
(4966, 90, 29),
(4967, 90, 30),
(4968, 90, 31),
(4969, 90, 32),
(4970, 90, 33),
(4971, 91, 23),
(4972, 91, 24),
(4973, 91, 25),
(4974, 91, 26),
(4975, 91, 27),
(4976, 91, 28),
(4977, 91, 29),
(4978, 91, 30),
(4979, 91, 31),
(4980, 91, 32),
(4981, 91, 33),
(4982, 92, 23),
(4983, 92, 24),
(4984, 92, 25),
(4985, 92, 26),
(4986, 92, 27),
(4987, 92, 28),
(4988, 92, 29),
(4989, 92, 30),
(4990, 92, 31),
(4991, 92, 32),
(4992, 92, 33),
(4993, 93, 23),
(4994, 93, 24),
(4995, 93, 25),
(4996, 93, 26),
(4997, 93, 27),
(4998, 93, 28),
(4999, 93, 29),
(5000, 93, 30),
(5001, 93, 31),
(5002, 93, 32),
(5003, 93, 33),
(5004, 94, 23),
(5005, 94, 24),
(5006, 94, 25),
(5007, 94, 26),
(5008, 94, 27),
(5009, 94, 28),
(5010, 94, 29),
(5011, 94, 30),
(5012, 94, 31),
(5013, 94, 32),
(5014, 94, 33),
(5015, 95, 34),
(5016, 95, 35),
(5017, 95, 36),
(5018, 95, 37),
(5019, 95, 38),
(5020, 95, 39),
(5021, 95, 40),
(5022, 95, 41),
(5023, 95, 42),
(5024, 95, 43),
(5025, 95, 44),
(5026, 96, 34),
(5027, 96, 35),
(5028, 96, 36),
(5029, 96, 37),
(5030, 96, 38),
(5031, 96, 39),
(5032, 96, 40),
(5033, 96, 41),
(5034, 96, 42),
(5035, 96, 43),
(5036, 96, 44),
(5037, 97, 34),
(5038, 97, 35),
(5039, 97, 36),
(5040, 97, 37),
(5041, 97, 38),
(5042, 97, 39),
(5043, 97, 40),
(5044, 97, 41),
(5045, 97, 42),
(5046, 97, 43),
(5047, 97, 44),
(5048, 98, 34),
(5049, 98, 35),
(5050, 98, 36),
(5051, 98, 37),
(5052, 98, 38),
(5053, 98, 39),
(5054, 98, 40),
(5055, 98, 41),
(5056, 98, 42),
(5057, 98, 43),
(5058, 98, 44),
(5059, 99, 45),
(5060, 99, 46),
(5061, 99, 47),
(5062, 99, 48),
(5063, 99, 49),
(5064, 99, 50),
(5065, 99, 51),
(5066, 99, 52),
(5067, 99, 53),
(5068, 99, 54),
(5069, 99, 55),
(5070, 100, 45),
(5071, 100, 46),
(5072, 100, 47),
(5073, 100, 48),
(5074, 100, 49),
(5075, 100, 50),
(5076, 100, 51),
(5077, 100, 52),
(5078, 100, 53),
(5079, 100, 54),
(5080, 100, 55),
(5081, 101, 45),
(5082, 101, 46),
(5083, 101, 47),
(5084, 101, 48),
(5085, 101, 49),
(5086, 101, 50),
(5087, 101, 51),
(5088, 101, 52),
(5089, 101, 53),
(5090, 101, 54),
(5091, 101, 55),
(5092, 102, 45),
(5093, 102, 46),
(5094, 102, 47),
(5095, 102, 48),
(5096, 102, 49),
(5097, 102, 50),
(5098, 102, 51),
(5099, 102, 52),
(5100, 102, 53),
(5101, 102, 54),
(5102, 102, 55),
(5103, 103, 45),
(5104, 103, 46),
(5105, 103, 47),
(5106, 103, 48),
(5107, 103, 49),
(5108, 103, 50),
(5109, 103, 51),
(5110, 103, 52),
(5111, 103, 53),
(5112, 103, 54),
(5113, 103, 55),
(5114, 104, 45),
(5115, 104, 46),
(5116, 104, 47),
(5117, 104, 48),
(5118, 104, 49),
(5119, 104, 50),
(5120, 104, 51),
(5121, 104, 52),
(5122, 104, 53),
(5123, 104, 54),
(5124, 104, 55),
(5125, 105, 45),
(5126, 105, 46),
(5127, 105, 47),
(5128, 105, 48),
(5129, 105, 49),
(5130, 105, 50),
(5131, 105, 51),
(5132, 105, 52),
(5133, 105, 53),
(5134, 105, 54),
(5135, 105, 55),
(5136, 106, 45),
(5137, 106, 46),
(5138, 106, 47),
(5139, 106, 48),
(5140, 106, 49),
(5141, 106, 50),
(5142, 106, 51),
(5143, 106, 52),
(5144, 106, 53),
(5145, 106, 54),
(5146, 106, 55),
(5147, 108, 1),
(5148, 108, 2),
(5149, 108, 3),
(5150, 108, 4),
(5151, 108, 5),
(5152, 108, 6),
(5153, 108, 7),
(5154, 108, 8),
(5155, 108, 9),
(5156, 108, 10),
(5157, 108, 11),
(5158, 109, 1),
(5159, 109, 2),
(5160, 109, 3),
(5161, 109, 4),
(5162, 109, 5),
(5163, 109, 6),
(5164, 109, 7),
(5165, 109, 8),
(5166, 109, 9),
(5167, 109, 10),
(5168, 109, 11),
(5169, 110, 1),
(5170, 110, 2),
(5171, 110, 3),
(5172, 110, 4),
(5173, 110, 5),
(5174, 110, 6),
(5175, 110, 7),
(5176, 110, 8),
(5177, 110, 9),
(5178, 110, 10),
(5179, 110, 11),
(5180, 111, 1),
(5181, 111, 2),
(5182, 111, 3),
(5183, 111, 4),
(5184, 111, 5),
(5185, 111, 6),
(5186, 111, 7),
(5187, 111, 8),
(5188, 111, 9),
(5189, 111, 10),
(5190, 111, 11),
(5191, 112, 1),
(5192, 112, 2),
(5193, 112, 3),
(5194, 112, 4),
(5195, 112, 5),
(5196, 112, 6),
(5197, 112, 7),
(5198, 112, 8),
(5199, 112, 9),
(5200, 112, 10),
(5201, 112, 11),
(5202, 113, 1),
(5203, 113, 2),
(5204, 113, 3),
(5205, 113, 4),
(5206, 113, 5),
(5207, 113, 6),
(5208, 113, 7),
(5209, 113, 8),
(5210, 113, 9),
(5211, 113, 10),
(5212, 113, 11),
(5213, 114, 1),
(5214, 114, 2),
(5215, 114, 3),
(5216, 114, 4),
(5217, 114, 5),
(5218, 114, 6),
(5219, 114, 7),
(5220, 114, 8),
(5221, 114, 9),
(5222, 114, 10),
(5223, 114, 11),
(5224, 115, 1),
(5225, 115, 2),
(5226, 115, 3),
(5227, 115, 4),
(5228, 115, 5),
(5229, 115, 6),
(5230, 115, 7),
(5231, 115, 8),
(5232, 115, 9),
(5233, 115, 10),
(5234, 115, 11),
(5235, 116, 1),
(5236, 116, 2),
(5237, 116, 3),
(5238, 116, 4),
(5239, 116, 5),
(5240, 116, 6),
(5241, 116, 7),
(5242, 116, 8),
(5243, 116, 9),
(5244, 116, 10),
(5245, 116, 11),
(5246, 117, 1),
(5247, 117, 2),
(5248, 117, 3),
(5249, 117, 4),
(5250, 117, 5),
(5251, 117, 6),
(5252, 117, 7),
(5253, 117, 8),
(5254, 117, 9),
(5255, 117, 10),
(5256, 117, 11),
(5257, 118, 1),
(5258, 118, 2),
(5259, 118, 3),
(5260, 118, 4),
(5261, 118, 5),
(5262, 118, 6),
(5263, 118, 7),
(5264, 118, 8),
(5265, 118, 9),
(5266, 118, 10),
(5267, 118, 11),
(5268, 120, 1),
(5269, 120, 2),
(5270, 120, 3),
(5271, 120, 4),
(5272, 120, 5),
(5273, 120, 6),
(5274, 120, 7),
(5275, 120, 8),
(5276, 120, 9),
(5277, 120, 10),
(5278, 120, 11),
(5279, 121, 1),
(5280, 121, 2),
(5281, 121, 3),
(5282, 121, 4),
(5283, 121, 5),
(5284, 121, 6),
(5285, 121, 7),
(5286, 121, 8),
(5287, 121, 9),
(5288, 121, 10),
(5289, 121, 11),
(5290, 123, 12),
(5291, 123, 13),
(5292, 123, 14),
(5293, 123, 15),
(5294, 123, 16),
(5295, 123, 17),
(5296, 123, 18),
(5297, 123, 19),
(5298, 123, 20),
(5299, 123, 21),
(5300, 123, 22),
(5301, 124, 12),
(5302, 124, 13),
(5303, 124, 14),
(5304, 124, 15),
(5305, 124, 16),
(5306, 124, 17),
(5307, 124, 18),
(5308, 124, 19),
(5309, 124, 20),
(5310, 124, 21),
(5311, 124, 22),
(5312, 126, 12),
(5313, 126, 13),
(5314, 126, 14),
(5315, 126, 15),
(5316, 126, 16),
(5317, 126, 17),
(5318, 126, 18),
(5319, 126, 19),
(5320, 126, 20),
(5321, 126, 21),
(5322, 126, 22),
(5323, 127, 23),
(5324, 127, 24),
(5325, 127, 25),
(5326, 127, 26),
(5327, 127, 27),
(5328, 127, 28),
(5329, 127, 29),
(5330, 127, 30),
(5331, 127, 31),
(5332, 127, 32),
(5333, 127, 33),
(5334, 128, 23),
(5335, 128, 24),
(5336, 128, 25),
(5337, 128, 26),
(5338, 128, 27),
(5339, 128, 28),
(5340, 128, 29),
(5341, 128, 30),
(5342, 128, 31),
(5343, 128, 32),
(5344, 128, 33),
(5345, 132, 23),
(5346, 132, 24),
(5347, 132, 25),
(5348, 132, 26),
(5349, 132, 27),
(5350, 132, 28),
(5351, 132, 29),
(5352, 132, 30),
(5353, 132, 31),
(5354, 132, 32),
(5355, 132, 33),
(5356, 133, 23),
(5357, 133, 24),
(5358, 133, 25),
(5359, 133, 26),
(5360, 133, 27),
(5361, 133, 28),
(5362, 133, 29),
(5363, 133, 30),
(5364, 133, 31),
(5365, 133, 32),
(5366, 133, 33),
(5367, 134, 23),
(5368, 134, 24),
(5369, 134, 25),
(5370, 134, 26),
(5371, 134, 27),
(5372, 134, 28),
(5373, 134, 29),
(5374, 134, 30),
(5375, 134, 31),
(5376, 134, 32),
(5377, 134, 33),
(5378, 135, 23),
(5379, 135, 24),
(5380, 135, 25),
(5381, 135, 26),
(5382, 135, 27),
(5383, 135, 28),
(5384, 135, 29),
(5385, 135, 30),
(5386, 135, 31),
(5387, 135, 32),
(5388, 135, 33),
(5389, 136, 23),
(5390, 136, 24),
(5391, 136, 25),
(5392, 136, 26),
(5393, 136, 27),
(5394, 136, 28),
(5395, 136, 29),
(5396, 136, 30),
(5397, 136, 31),
(5398, 136, 32),
(5399, 136, 33),
(5400, 137, 23),
(5401, 137, 24),
(5402, 137, 25),
(5403, 137, 26),
(5404, 137, 27),
(5405, 137, 28),
(5406, 137, 29),
(5407, 137, 30),
(5408, 137, 31),
(5409, 137, 32),
(5410, 137, 33),
(5411, 138, 23),
(5412, 138, 24),
(5413, 138, 25),
(5414, 138, 26),
(5415, 138, 27),
(5416, 138, 28),
(5417, 138, 29),
(5418, 138, 30),
(5419, 138, 31),
(5420, 138, 32),
(5421, 138, 33),
(5422, 139, 23),
(5423, 139, 24),
(5424, 139, 25),
(5425, 139, 26),
(5426, 139, 27),
(5427, 139, 28),
(5428, 139, 29),
(5429, 139, 30),
(5430, 139, 31),
(5431, 139, 32),
(5432, 139, 33),
(5433, 140, 23),
(5434, 140, 24),
(5435, 140, 25),
(5436, 140, 26),
(5437, 140, 27),
(5438, 140, 28),
(5439, 140, 29),
(5440, 140, 30),
(5441, 140, 31),
(5442, 140, 32),
(5443, 140, 33),
(5444, 141, 23),
(5445, 141, 24),
(5446, 141, 25),
(5447, 141, 26),
(5448, 141, 27),
(5449, 141, 28),
(5450, 141, 29),
(5451, 141, 30),
(5452, 141, 31),
(5453, 141, 32),
(5454, 141, 33),
(5455, 142, 34),
(5456, 142, 35),
(5457, 142, 36),
(5458, 142, 37),
(5459, 142, 38),
(5460, 142, 39),
(5461, 142, 40),
(5462, 142, 41),
(5463, 142, 42),
(5464, 142, 43),
(5465, 142, 44),
(5466, 143, 34),
(5467, 143, 35),
(5468, 143, 36),
(5469, 143, 37),
(5470, 143, 38),
(5471, 143, 39),
(5472, 143, 40),
(5473, 143, 41),
(5474, 143, 42),
(5475, 143, 43),
(5476, 143, 44),
(5477, 144, 34),
(5478, 144, 35),
(5479, 144, 36),
(5480, 144, 37),
(5481, 144, 38),
(5482, 144, 39),
(5483, 144, 40),
(5484, 144, 41),
(5485, 144, 42),
(5486, 144, 43),
(5487, 144, 44),
(5488, 145, 34),
(5489, 145, 35),
(5490, 145, 36),
(5491, 145, 37),
(5492, 145, 38),
(5493, 145, 39),
(5494, 145, 40),
(5495, 145, 41),
(5496, 145, 42),
(5497, 145, 43),
(5498, 145, 44),
(5499, 146, 34),
(5500, 146, 35),
(5501, 146, 36),
(5502, 146, 37),
(5503, 146, 38),
(5504, 146, 39),
(5505, 146, 40),
(5506, 146, 41),
(5507, 146, 42),
(5508, 146, 43),
(5509, 146, 44),
(5510, 147, 45),
(5511, 147, 46),
(5512, 147, 47),
(5513, 147, 48),
(5514, 147, 49),
(5515, 147, 50),
(5516, 147, 51),
(5517, 147, 52),
(5518, 147, 53),
(5519, 147, 54),
(5520, 147, 55),
(5521, 148, 45),
(5522, 148, 46),
(5523, 148, 47),
(5524, 148, 48),
(5525, 148, 49),
(5526, 148, 50),
(5527, 148, 51),
(5528, 148, 52),
(5529, 148, 53),
(5530, 148, 54),
(5531, 148, 55),
(5532, 149, 45),
(5533, 149, 46),
(5534, 149, 47),
(5535, 149, 48),
(5536, 149, 49),
(5537, 149, 50),
(5538, 149, 51),
(5539, 149, 52),
(5540, 149, 53),
(5541, 149, 54),
(5542, 149, 55),
(5543, 152, 45),
(5544, 152, 46),
(5545, 152, 47),
(5546, 152, 48),
(5547, 152, 49),
(5548, 152, 50),
(5549, 152, 51),
(5550, 152, 52),
(5551, 152, 53),
(5552, 152, 54),
(5553, 152, 55),
(5554, 153, 45),
(5555, 153, 46),
(5556, 153, 47),
(5557, 153, 48),
(5558, 153, 49),
(5559, 153, 50),
(5560, 153, 51),
(5561, 153, 52),
(5562, 153, 53),
(5563, 153, 54),
(5564, 153, 55),
(5565, 155, 45),
(5566, 155, 46),
(5567, 155, 47),
(5568, 155, 48),
(5569, 155, 49),
(5570, 155, 50),
(5571, 155, 51),
(5572, 155, 52),
(5573, 155, 53),
(5574, 155, 54),
(5575, 155, 55),
(5576, 156, 45),
(5577, 156, 46),
(5578, 156, 47),
(5579, 156, 48),
(5580, 156, 49),
(5581, 156, 50),
(5582, 156, 51),
(5583, 156, 52),
(5584, 156, 53),
(5585, 156, 54),
(5586, 156, 55),
(5587, 157, 45),
(5588, 157, 46),
(5589, 157, 47),
(5590, 157, 48),
(5591, 157, 49),
(5592, 157, 50),
(5593, 157, 51),
(5594, 157, 52),
(5595, 157, 53),
(5596, 157, 54),
(5597, 157, 55),
(5598, 158, 45),
(5599, 158, 46),
(5600, 158, 47),
(5601, 158, 48),
(5602, 158, 49),
(5603, 158, 50),
(5604, 158, 51),
(5605, 158, 52),
(5606, 158, 53),
(5607, 158, 54),
(5608, 158, 55),
(5609, 159, 45),
(5610, 159, 46),
(5611, 159, 47),
(5612, 159, 48),
(5613, 159, 49),
(5614, 159, 50),
(5615, 159, 51),
(5616, 159, 52),
(5617, 159, 53),
(5618, 159, 54),
(5619, 159, 55),
(5620, 160, 45),
(5621, 160, 46),
(5622, 160, 47),
(5623, 160, 48),
(5624, 160, 49),
(5625, 160, 50),
(5626, 160, 51),
(5627, 160, 52),
(5628, 160, 53),
(5629, 160, 54),
(5630, 160, 55),
(5631, 161, 1),
(5632, 161, 2),
(5633, 161, 3),
(5634, 161, 4),
(5635, 161, 5),
(5636, 161, 6),
(5637, 161, 7),
(5638, 161, 8),
(5639, 161, 9),
(5640, 161, 10),
(5641, 161, 11),
(5642, 162, 1),
(5643, 162, 2),
(5644, 162, 3),
(5645, 162, 4),
(5646, 162, 5),
(5647, 162, 6),
(5648, 162, 7),
(5649, 162, 8),
(5650, 162, 9),
(5651, 162, 10),
(5652, 162, 11),
(5653, 163, 1),
(5654, 163, 2),
(5655, 163, 3),
(5656, 163, 4),
(5657, 163, 5),
(5658, 163, 6),
(5659, 163, 7),
(5660, 163, 8),
(5661, 163, 9),
(5662, 163, 10),
(5663, 163, 11),
(5664, 164, 1),
(5665, 164, 2),
(5666, 164, 3),
(5667, 164, 4),
(5668, 164, 5),
(5669, 164, 6),
(5670, 164, 7),
(5671, 164, 8),
(5672, 164, 9),
(5673, 164, 10),
(5674, 164, 11),
(5675, 165, 1),
(5676, 165, 2),
(5677, 165, 3),
(5678, 165, 4),
(5679, 165, 5),
(5680, 165, 6),
(5681, 165, 7),
(5682, 165, 8),
(5683, 165, 9),
(5684, 165, 10),
(5685, 165, 11),
(5686, 166, 1),
(5687, 166, 2),
(5688, 166, 3),
(5689, 166, 4),
(5690, 166, 5),
(5691, 166, 6),
(5692, 166, 7),
(5693, 166, 8),
(5694, 166, 9),
(5695, 166, 10),
(5696, 166, 11),
(5697, 167, 1),
(5698, 167, 2),
(5699, 167, 3),
(5700, 167, 4),
(5701, 167, 5),
(5702, 167, 6),
(5703, 167, 7),
(5704, 167, 8),
(5705, 167, 9),
(5706, 167, 10),
(5707, 167, 11),
(5708, 168, 1),
(5709, 168, 2),
(5710, 168, 3),
(5711, 168, 4),
(5712, 168, 5),
(5713, 168, 6),
(5714, 168, 7),
(5715, 168, 8),
(5716, 168, 9),
(5717, 168, 10),
(5718, 168, 11),
(5719, 169, 1),
(5720, 169, 2),
(5721, 169, 3),
(5722, 169, 4),
(5723, 169, 5),
(5724, 169, 6),
(5725, 169, 7),
(5726, 169, 8),
(5727, 169, 9),
(5728, 169, 10),
(5729, 169, 11),
(5730, 170, 1),
(5731, 170, 2),
(5732, 170, 3),
(5733, 170, 4),
(5734, 170, 5),
(5735, 170, 6),
(5736, 170, 7),
(5737, 170, 8),
(5738, 170, 9),
(5739, 170, 10),
(5740, 170, 11),
(5741, 171, 1),
(5742, 171, 2),
(5743, 171, 3),
(5744, 171, 4),
(5745, 171, 5),
(5746, 171, 6),
(5747, 171, 7),
(5748, 171, 8),
(5749, 171, 9),
(5750, 171, 10),
(5751, 171, 11),
(5752, 172, 1),
(5753, 172, 2),
(5754, 172, 3),
(5755, 172, 4),
(5756, 172, 5),
(5757, 172, 6),
(5758, 172, 7),
(5759, 172, 8),
(5760, 172, 9),
(5761, 172, 10),
(5762, 172, 11),
(5763, 173, 1),
(5764, 173, 2),
(5765, 173, 3),
(5766, 173, 4),
(5767, 173, 5),
(5768, 173, 6),
(5769, 173, 7),
(5770, 173, 8),
(5771, 173, 9),
(5772, 173, 10),
(5773, 173, 11),
(5774, 174, 1),
(5775, 174, 2),
(5776, 174, 3),
(5777, 174, 4),
(5778, 174, 5),
(5779, 174, 6),
(5780, 174, 7),
(5781, 174, 8),
(5782, 174, 9),
(5783, 174, 10),
(5784, 174, 11),
(5785, 175, 1),
(5786, 175, 2),
(5787, 175, 3),
(5788, 175, 4),
(5789, 175, 5),
(5790, 175, 6),
(5791, 175, 7),
(5792, 175, 8),
(5793, 175, 9),
(5794, 175, 10),
(5795, 175, 11),
(5796, 176, 1),
(5797, 176, 2),
(5798, 176, 3),
(5799, 176, 4),
(5800, 176, 5),
(5801, 176, 6),
(5802, 176, 7),
(5803, 176, 8),
(5804, 176, 9),
(5805, 176, 10),
(5806, 176, 11),
(5807, 177, 1),
(5808, 177, 2),
(5809, 177, 3),
(5810, 177, 4),
(5811, 177, 5),
(5812, 177, 6),
(5813, 177, 7),
(5814, 177, 8),
(5815, 177, 9),
(5816, 177, 10),
(5817, 177, 11),
(5818, 178, 1),
(5819, 178, 2),
(5820, 178, 3),
(5821, 178, 4),
(5822, 178, 5),
(5823, 178, 6),
(5824, 178, 7),
(5825, 178, 8),
(5826, 178, 9),
(5827, 178, 10),
(5828, 178, 11),
(5829, 179, 1),
(5830, 179, 2),
(5831, 179, 3),
(5832, 179, 4),
(5833, 179, 5),
(5834, 179, 6),
(5835, 179, 7),
(5836, 179, 8),
(5837, 179, 9),
(5838, 179, 10),
(5839, 179, 11),
(5840, 180, 1),
(5841, 180, 2),
(5842, 180, 3),
(5843, 180, 4),
(5844, 180, 5),
(5845, 180, 6),
(5846, 180, 7),
(5847, 180, 8),
(5848, 180, 9),
(5849, 180, 10),
(5850, 180, 11),
(5851, 181, 1),
(5852, 181, 2),
(5853, 181, 3),
(5854, 181, 4),
(5855, 181, 5),
(5856, 181, 6),
(5857, 181, 7),
(5858, 181, 8),
(5859, 181, 9),
(5860, 181, 10),
(5861, 181, 11),
(5862, 182, 1),
(5863, 182, 2),
(5864, 182, 3),
(5865, 182, 4),
(5866, 182, 5),
(5867, 182, 6),
(5868, 182, 7),
(5869, 182, 8),
(5870, 182, 9),
(5871, 182, 10),
(5872, 182, 11),
(5873, 183, 1),
(5874, 183, 2),
(5875, 183, 3),
(5876, 183, 4),
(5877, 183, 5),
(5878, 183, 6),
(5879, 183, 7),
(5880, 183, 8),
(5881, 183, 9),
(5882, 183, 10),
(5883, 183, 11),
(5884, 184, 1),
(5885, 184, 2),
(5886, 184, 3),
(5887, 184, 4),
(5888, 184, 5),
(5889, 184, 6),
(5890, 184, 7),
(5891, 184, 8),
(5892, 184, 9),
(5893, 184, 10),
(5894, 184, 11),
(5895, 185, 1),
(5896, 185, 2),
(5897, 185, 3),
(5898, 185, 4),
(5899, 185, 5),
(5900, 185, 6),
(5901, 185, 7),
(5902, 185, 8),
(5903, 185, 9),
(5904, 185, 10),
(5905, 185, 11),
(5906, 186, 1),
(5907, 186, 2),
(5908, 186, 3),
(5909, 186, 4),
(5910, 186, 5),
(5911, 186, 6),
(5912, 186, 7),
(5913, 186, 8),
(5914, 186, 9),
(5915, 186, 10),
(5916, 186, 11),
(5917, 187, 12),
(5918, 187, 13),
(5919, 187, 14),
(5920, 187, 15),
(5921, 187, 16),
(5922, 187, 17),
(5923, 187, 18),
(5924, 187, 19),
(5925, 187, 20),
(5926, 187, 21),
(5927, 187, 22),
(5928, 188, 12),
(5929, 188, 13),
(5930, 188, 14),
(5931, 188, 15),
(5932, 188, 16),
(5933, 188, 17),
(5934, 188, 18),
(5935, 188, 19),
(5936, 188, 20),
(5937, 188, 21),
(5938, 188, 22),
(5939, 189, 12),
(5940, 189, 13),
(5941, 189, 14),
(5942, 189, 15),
(5943, 189, 16),
(5944, 189, 17),
(5945, 189, 18),
(5946, 189, 19),
(5947, 189, 20),
(5948, 189, 21),
(5949, 189, 22),
(5950, 190, 12),
(5951, 190, 13),
(5952, 190, 14),
(5953, 190, 15),
(5954, 190, 16),
(5955, 190, 17),
(5956, 190, 18),
(5957, 190, 19),
(5958, 190, 20),
(5959, 190, 21),
(5960, 190, 22),
(5961, 191, 12),
(5962, 191, 13),
(5963, 191, 14),
(5964, 191, 15),
(5965, 191, 16),
(5966, 191, 17),
(5967, 191, 18),
(5968, 191, 19),
(5969, 191, 20),
(5970, 191, 21),
(5971, 191, 22),
(5972, 192, 12),
(5973, 192, 13),
(5974, 192, 14),
(5975, 192, 15),
(5976, 192, 16),
(5977, 192, 17),
(5978, 192, 18),
(5979, 192, 19),
(5980, 192, 20),
(5981, 192, 21),
(5982, 192, 22),
(5983, 193, 12),
(5984, 193, 13),
(5985, 193, 14),
(5986, 193, 15),
(5987, 193, 16),
(5988, 193, 17),
(5989, 193, 18),
(5990, 193, 19),
(5991, 193, 20),
(5992, 193, 21),
(5993, 193, 22),
(5994, 194, 12),
(5995, 194, 13),
(5996, 194, 14),
(5997, 194, 15),
(5998, 194, 16),
(5999, 194, 17),
(6000, 194, 18),
(6001, 194, 19),
(6002, 194, 20),
(6003, 194, 21),
(6004, 194, 22),
(6005, 195, 12),
(6006, 195, 13),
(6007, 195, 14),
(6008, 195, 15),
(6009, 195, 16),
(6010, 195, 17),
(6011, 195, 18),
(6012, 195, 19),
(6013, 195, 20),
(6014, 195, 21),
(6015, 195, 22),
(6016, 196, 12),
(6017, 196, 13),
(6018, 196, 14),
(6019, 196, 15),
(6020, 196, 16),
(6021, 196, 17),
(6022, 196, 18),
(6023, 196, 19),
(6024, 196, 20),
(6025, 196, 21),
(6026, 196, 22),
(6027, 197, 12),
(6028, 197, 13),
(6029, 197, 14),
(6030, 197, 15),
(6031, 197, 16),
(6032, 197, 17),
(6033, 197, 18),
(6034, 197, 19),
(6035, 197, 20),
(6036, 197, 21),
(6037, 197, 22),
(6038, 198, 12),
(6039, 198, 13),
(6040, 198, 14),
(6041, 198, 15),
(6042, 198, 16),
(6043, 198, 17),
(6044, 198, 18),
(6045, 198, 19),
(6046, 198, 20),
(6047, 198, 21),
(6048, 198, 22),
(6049, 199, 12),
(6050, 199, 13),
(6051, 199, 14),
(6052, 199, 15),
(6053, 199, 16),
(6054, 199, 17),
(6055, 199, 18),
(6056, 199, 19),
(6057, 199, 20),
(6058, 199, 21),
(6059, 199, 22),
(6060, 200, 12),
(6061, 200, 13),
(6062, 200, 14),
(6063, 200, 15),
(6064, 200, 16),
(6065, 200, 17),
(6066, 200, 18),
(6067, 200, 19),
(6068, 200, 20),
(6069, 200, 21),
(6070, 200, 22),
(6071, 201, 23),
(6072, 201, 24),
(6073, 201, 25),
(6074, 201, 26),
(6075, 201, 27),
(6076, 201, 28),
(6077, 201, 29),
(6078, 201, 30),
(6079, 201, 31),
(6080, 201, 32),
(6081, 201, 33),
(6082, 202, 23),
(6083, 202, 24),
(6084, 202, 25),
(6085, 202, 26),
(6086, 202, 27),
(6087, 202, 28),
(6088, 202, 29),
(6089, 202, 30),
(6090, 202, 31),
(6091, 202, 32),
(6092, 202, 33),
(6093, 203, 23),
(6094, 203, 24),
(6095, 203, 25),
(6096, 203, 26),
(6097, 203, 27),
(6098, 203, 28),
(6099, 203, 29),
(6100, 203, 30),
(6101, 203, 31),
(6102, 203, 32),
(6103, 203, 33),
(6104, 204, 23),
(6105, 204, 24),
(6106, 204, 25),
(6107, 204, 26),
(6108, 204, 27),
(6109, 204, 28),
(6110, 204, 29),
(6111, 204, 30),
(6112, 204, 31),
(6113, 204, 32),
(6114, 204, 33),
(6115, 205, 23),
(6116, 205, 24),
(6117, 205, 25),
(6118, 205, 26),
(6119, 205, 27),
(6120, 205, 28),
(6121, 205, 29),
(6122, 205, 30),
(6123, 205, 31),
(6124, 205, 32),
(6125, 205, 33),
(6126, 206, 23),
(6127, 206, 24),
(6128, 206, 25),
(6129, 206, 26),
(6130, 206, 27),
(6131, 206, 28),
(6132, 206, 29),
(6133, 206, 30),
(6134, 206, 31),
(6135, 206, 32),
(6136, 206, 33),
(6137, 207, 23),
(6138, 207, 24),
(6139, 207, 25),
(6140, 207, 26),
(6141, 207, 27),
(6142, 207, 28),
(6143, 207, 29),
(6144, 207, 30),
(6145, 207, 31),
(6146, 207, 32),
(6147, 207, 33),
(6148, 208, 23),
(6149, 208, 24),
(6150, 208, 25),
(6151, 208, 26),
(6152, 208, 27),
(6153, 208, 28),
(6154, 208, 29),
(6155, 208, 30),
(6156, 208, 31),
(6157, 208, 32),
(6158, 208, 33),
(6159, 209, 23),
(6160, 209, 24),
(6161, 209, 25),
(6162, 209, 26),
(6163, 209, 27),
(6164, 209, 28),
(6165, 209, 29),
(6166, 209, 30),
(6167, 209, 31),
(6168, 209, 32),
(6169, 209, 33),
(6170, 210, 23),
(6171, 210, 24),
(6172, 210, 25),
(6173, 210, 26),
(6174, 210, 27),
(6175, 210, 28),
(6176, 210, 29),
(6177, 210, 30),
(6178, 210, 31),
(6179, 210, 32),
(6180, 210, 33),
(6181, 211, 23),
(6182, 211, 24),
(6183, 211, 25),
(6184, 211, 26),
(6185, 211, 27),
(6186, 211, 28),
(6187, 211, 29),
(6188, 211, 30),
(6189, 211, 31),
(6190, 211, 32),
(6191, 211, 33),
(6192, 212, 23),
(6193, 212, 24),
(6194, 212, 25),
(6195, 212, 26),
(6196, 212, 27),
(6197, 212, 28),
(6198, 212, 29),
(6199, 212, 30),
(6200, 212, 31),
(6201, 212, 32),
(6202, 212, 33),
(6203, 214, 34),
(6204, 214, 35),
(6205, 214, 36),
(6206, 214, 37),
(6207, 214, 38),
(6208, 214, 39),
(6209, 214, 40),
(6210, 214, 41),
(6211, 214, 42),
(6212, 214, 43),
(6213, 214, 44),
(6214, 215, 34),
(6215, 215, 35),
(6216, 215, 36),
(6217, 215, 37),
(6218, 215, 38),
(6219, 215, 39),
(6220, 215, 40),
(6221, 215, 41),
(6222, 215, 42),
(6223, 215, 43),
(6224, 215, 44),
(6225, 216, 34),
(6226, 216, 35),
(6227, 216, 36),
(6228, 216, 37),
(6229, 216, 38),
(6230, 216, 39),
(6231, 216, 40),
(6232, 216, 41),
(6233, 216, 42),
(6234, 216, 43),
(6235, 216, 44),
(6236, 217, 34),
(6237, 217, 35),
(6238, 217, 36),
(6239, 217, 37),
(6240, 217, 38),
(6241, 217, 39),
(6242, 217, 40),
(6243, 217, 41),
(6244, 217, 42),
(6245, 217, 43),
(6246, 217, 44),
(6247, 218, 34),
(6248, 218, 35),
(6249, 218, 36),
(6250, 218, 37),
(6251, 218, 38),
(6252, 218, 39),
(6253, 218, 40),
(6254, 218, 41),
(6255, 218, 42),
(6256, 218, 43),
(6257, 218, 44),
(6258, 219, 34),
(6259, 219, 35),
(6260, 219, 36),
(6261, 219, 37),
(6262, 219, 38),
(6263, 219, 39),
(6264, 219, 40),
(6265, 219, 41),
(6266, 219, 42),
(6267, 219, 43),
(6268, 219, 44),
(6269, 220, 34),
(6270, 220, 35),
(6271, 220, 36),
(6272, 220, 37),
(6273, 220, 38),
(6274, 220, 39),
(6275, 220, 40),
(6276, 220, 41),
(6277, 220, 42),
(6278, 220, 43),
(6279, 220, 44),
(6280, 221, 34),
(6281, 221, 35),
(6282, 221, 36),
(6283, 221, 37),
(6284, 221, 38),
(6285, 221, 39),
(6286, 221, 40),
(6287, 221, 41),
(6288, 221, 42),
(6289, 221, 43),
(6290, 221, 44),
(6291, 222, 34),
(6292, 222, 35),
(6293, 222, 36),
(6294, 222, 37),
(6295, 222, 38),
(6296, 222, 39),
(6297, 222, 40),
(6298, 222, 41),
(6299, 222, 42),
(6300, 222, 43),
(6301, 222, 44),
(6302, 223, 45),
(6303, 223, 46),
(6304, 223, 47),
(6305, 223, 48),
(6306, 223, 49),
(6307, 223, 50),
(6308, 223, 51),
(6309, 223, 52),
(6310, 223, 53),
(6311, 223, 54),
(6312, 223, 55),
(6313, 224, 45),
(6314, 224, 46),
(6315, 224, 47),
(6316, 224, 48),
(6317, 224, 49),
(6318, 224, 50),
(6319, 224, 51),
(6320, 224, 52),
(6321, 224, 53),
(6322, 224, 54),
(6323, 224, 55),
(6324, 225, 45),
(6325, 225, 46),
(6326, 225, 47),
(6327, 225, 48),
(6328, 225, 49),
(6329, 225, 50),
(6330, 225, 51),
(6331, 225, 52),
(6332, 225, 53),
(6333, 225, 54),
(6334, 225, 55),
(6335, 226, 45),
(6336, 226, 46),
(6337, 226, 47),
(6338, 226, 48),
(6339, 226, 49),
(6340, 226, 50),
(6341, 226, 51),
(6342, 226, 52),
(6343, 226, 53),
(6344, 226, 54),
(6345, 226, 55),
(6346, 227, 45),
(6347, 227, 46),
(6348, 227, 47),
(6349, 227, 48),
(6350, 227, 49),
(6351, 227, 50),
(6352, 227, 51),
(6353, 227, 52),
(6354, 227, 53),
(6355, 227, 54),
(6356, 227, 55),
(6357, 228, 45),
(6358, 228, 46),
(6359, 228, 47),
(6360, 228, 48),
(6361, 228, 49),
(6362, 228, 50),
(6363, 228, 51),
(6364, 228, 52),
(6365, 228, 53),
(6366, 228, 54),
(6367, 228, 55),
(6368, 229, 45),
(6369, 229, 46),
(6370, 229, 47),
(6371, 229, 48),
(6372, 229, 49),
(6373, 229, 50),
(6374, 229, 51),
(6375, 229, 52),
(6376, 229, 53),
(6377, 229, 54),
(6378, 229, 55),
(6379, 230, 45),
(6380, 230, 46),
(6381, 230, 47),
(6382, 230, 48),
(6383, 230, 49),
(6384, 230, 50),
(6385, 230, 51),
(6386, 230, 52),
(6387, 230, 53),
(6388, 230, 54),
(6389, 230, 55),
(6390, 231, 45),
(6391, 231, 46),
(6392, 231, 47),
(6393, 231, 48),
(6394, 231, 49),
(6395, 231, 50),
(6396, 231, 51),
(6397, 231, 52),
(6398, 231, 53),
(6399, 231, 54),
(6400, 231, 55),
(6401, 232, 1),
(6402, 232, 2),
(6403, 232, 3),
(6404, 232, 4),
(6405, 232, 5),
(6406, 232, 6),
(6407, 232, 7),
(6408, 232, 8),
(6409, 232, 9),
(6410, 232, 10),
(6411, 232, 11),
(6412, 233, 1),
(6413, 233, 2),
(6414, 233, 3),
(6415, 233, 4),
(6416, 233, 5),
(6417, 233, 6),
(6418, 233, 7),
(6419, 233, 8),
(6420, 233, 9),
(6421, 233, 10),
(6422, 233, 11),
(6423, 234, 1),
(6424, 234, 2),
(6425, 234, 3),
(6426, 234, 4),
(6427, 234, 5),
(6428, 234, 6),
(6429, 234, 7),
(6430, 234, 8),
(6431, 234, 9),
(6432, 234, 10),
(6433, 234, 11),
(6434, 235, 1),
(6435, 235, 2),
(6436, 235, 3),
(6437, 235, 4),
(6438, 235, 5),
(6439, 235, 6),
(6440, 235, 7),
(6441, 235, 8),
(6442, 235, 9),
(6443, 235, 10),
(6444, 235, 11),
(6445, 236, 1),
(6446, 236, 2),
(6447, 236, 3),
(6448, 236, 4),
(6449, 236, 5),
(6450, 236, 6),
(6451, 236, 7),
(6452, 236, 8),
(6453, 236, 9),
(6454, 236, 10),
(6455, 236, 11),
(6456, 237, 1),
(6457, 237, 2),
(6458, 237, 3),
(6459, 237, 4),
(6460, 237, 5),
(6461, 237, 6),
(6462, 237, 7),
(6463, 237, 8),
(6464, 237, 9),
(6465, 237, 10),
(6466, 237, 11),
(6467, 238, 1),
(6468, 238, 2),
(6469, 238, 3),
(6470, 238, 4),
(6471, 238, 5),
(6472, 238, 6),
(6473, 238, 7),
(6474, 238, 8),
(6475, 238, 9),
(6476, 238, 10),
(6477, 238, 11),
(6478, 239, 1),
(6479, 239, 2),
(6480, 239, 3),
(6481, 239, 4),
(6482, 239, 5),
(6483, 239, 6),
(6484, 239, 7),
(6485, 239, 8),
(6486, 239, 9),
(6487, 239, 10),
(6488, 239, 11),
(6489, 240, 1),
(6490, 240, 2),
(6491, 240, 3),
(6492, 240, 4),
(6493, 240, 5),
(6494, 240, 6),
(6495, 240, 7),
(6496, 240, 8),
(6497, 240, 9),
(6498, 240, 10),
(6499, 240, 11),
(6500, 241, 1),
(6501, 241, 2),
(6502, 241, 3),
(6503, 241, 4),
(6504, 241, 5),
(6505, 241, 6),
(6506, 241, 7),
(6507, 241, 8),
(6508, 241, 9),
(6509, 241, 10),
(6510, 241, 11),
(6511, 242, 1),
(6512, 242, 2),
(6513, 242, 3),
(6514, 242, 4),
(6515, 242, 5),
(6516, 242, 6),
(6517, 242, 7),
(6518, 242, 8),
(6519, 242, 9),
(6520, 242, 10),
(6521, 242, 11),
(6522, 243, 1),
(6523, 243, 2),
(6524, 243, 3),
(6525, 243, 4),
(6526, 243, 5),
(6527, 243, 6),
(6528, 243, 7),
(6529, 243, 8),
(6530, 243, 9),
(6531, 243, 10),
(6532, 243, 11),
(6533, 244, 1),
(6534, 244, 2),
(6535, 244, 3),
(6536, 244, 4),
(6537, 244, 5),
(6538, 244, 6),
(6539, 244, 7),
(6540, 244, 8),
(6541, 244, 9),
(6542, 244, 10),
(6543, 244, 11),
(6544, 245, 1),
(6545, 245, 2),
(6546, 245, 3),
(6547, 245, 4),
(6548, 245, 5),
(6549, 245, 6),
(6550, 245, 7),
(6551, 245, 8),
(6552, 245, 9),
(6553, 245, 10),
(6554, 245, 11),
(6555, 246, 12),
(6556, 246, 13),
(6557, 246, 14),
(6558, 246, 15),
(6559, 246, 16),
(6560, 246, 17),
(6561, 246, 18),
(6562, 246, 19),
(6563, 246, 20),
(6564, 246, 21),
(6565, 246, 22),
(6566, 247, 12),
(6567, 247, 13),
(6568, 247, 14),
(6569, 247, 15),
(6570, 247, 16),
(6571, 247, 17),
(6572, 247, 18),
(6573, 247, 19),
(6574, 247, 20),
(6575, 247, 21),
(6576, 247, 22),
(6577, 248, 12),
(6578, 248, 13),
(6579, 248, 14),
(6580, 248, 15),
(6581, 248, 16),
(6582, 248, 17),
(6583, 248, 18),
(6584, 248, 19),
(6585, 248, 20),
(6586, 248, 21),
(6587, 248, 22),
(6588, 249, 12),
(6589, 249, 13),
(6590, 249, 14),
(6591, 249, 15),
(6592, 249, 16),
(6593, 249, 17),
(6594, 249, 18),
(6595, 249, 19),
(6596, 249, 20),
(6597, 249, 21),
(6598, 249, 22),
(6599, 250, 12),
(6600, 250, 13),
(6601, 250, 14),
(6602, 250, 15),
(6603, 250, 16),
(6604, 250, 17),
(6605, 250, 18),
(6606, 250, 19),
(6607, 250, 20),
(6608, 250, 21),
(6609, 250, 22),
(6610, 251, 12),
(6611, 251, 13),
(6612, 251, 14),
(6613, 251, 15),
(6614, 251, 16),
(6615, 251, 17),
(6616, 251, 18),
(6617, 251, 19),
(6618, 251, 20),
(6619, 251, 21),
(6620, 251, 22),
(6621, 252, 12),
(6622, 252, 13),
(6623, 252, 14),
(6624, 252, 15),
(6625, 252, 16),
(6626, 252, 17),
(6627, 252, 18),
(6628, 252, 19),
(6629, 252, 20),
(6630, 252, 21),
(6631, 252, 22),
(6632, 253, 12),
(6633, 253, 13),
(6634, 253, 14),
(6635, 253, 15),
(6636, 253, 16),
(6637, 253, 17),
(6638, 253, 18),
(6639, 253, 19),
(6640, 253, 20),
(6641, 253, 21),
(6642, 253, 22),
(6643, 254, 12),
(6644, 254, 13),
(6645, 254, 14),
(6646, 254, 15),
(6647, 254, 16),
(6648, 254, 17),
(6649, 254, 18),
(6650, 254, 19),
(6651, 254, 20),
(6652, 254, 21),
(6653, 254, 22),
(6654, 255, 12),
(6655, 255, 13),
(6656, 255, 14),
(6657, 255, 15),
(6658, 255, 16),
(6659, 255, 17),
(6660, 255, 18),
(6661, 255, 19),
(6662, 255, 20),
(6663, 255, 21),
(6664, 255, 22),
(6665, 256, 23),
(6666, 256, 24),
(6667, 256, 25),
(6668, 256, 26),
(6669, 256, 27),
(6670, 256, 28),
(6671, 256, 29),
(6672, 256, 30),
(6673, 256, 31),
(6674, 256, 32),
(6675, 256, 33),
(6676, 257, 23),
(6677, 257, 24),
(6678, 257, 25),
(6679, 257, 26),
(6680, 257, 27),
(6681, 257, 28),
(6682, 257, 29),
(6683, 257, 30),
(6684, 257, 31),
(6685, 257, 32),
(6686, 257, 33),
(6687, 258, 23),
(6688, 258, 24),
(6689, 258, 25),
(6690, 258, 26),
(6691, 258, 27),
(6692, 258, 28),
(6693, 258, 29),
(6694, 258, 30),
(6695, 258, 31),
(6696, 258, 32),
(6697, 258, 33),
(6698, 259, 23),
(6699, 259, 24),
(6700, 259, 25),
(6701, 259, 26),
(6702, 259, 27),
(6703, 259, 28),
(6704, 259, 29),
(6705, 259, 30),
(6706, 259, 31),
(6707, 259, 32),
(6708, 259, 33),
(6709, 260, 23),
(6710, 260, 24),
(6711, 260, 25),
(6712, 260, 26),
(6713, 260, 27),
(6714, 260, 28),
(6715, 260, 29),
(6716, 260, 30),
(6717, 260, 31),
(6718, 260, 32),
(6719, 260, 33),
(6720, 261, 23),
(6721, 261, 24),
(6722, 261, 25),
(6723, 261, 26),
(6724, 261, 27),
(6725, 261, 28),
(6726, 261, 29),
(6727, 261, 30),
(6728, 261, 31),
(6729, 261, 32),
(6730, 261, 33),
(6731, 262, 23),
(6732, 262, 24),
(6733, 262, 25),
(6734, 262, 26),
(6735, 262, 27),
(6736, 262, 28),
(6737, 262, 29),
(6738, 262, 30),
(6739, 262, 31),
(6740, 262, 32),
(6741, 262, 33),
(6742, 263, 23),
(6743, 263, 24),
(6744, 263, 25),
(6745, 263, 26),
(6746, 263, 27),
(6747, 263, 28),
(6748, 263, 29),
(6749, 263, 30),
(6750, 263, 31),
(6751, 263, 32),
(6752, 263, 33),
(6753, 264, 23),
(6754, 264, 24),
(6755, 264, 25),
(6756, 264, 26),
(6757, 264, 27),
(6758, 264, 28),
(6759, 264, 29),
(6760, 264, 30),
(6761, 264, 31),
(6762, 264, 32),
(6763, 264, 33),
(6764, 265, 34),
(6765, 265, 35),
(6766, 265, 36),
(6767, 265, 37),
(6768, 265, 38),
(6769, 265, 39),
(6770, 265, 40),
(6771, 265, 41),
(6772, 265, 42),
(6773, 265, 43),
(6774, 265, 44),
(6775, 266, 34),
(6776, 266, 35),
(6777, 266, 36),
(6778, 266, 37),
(6779, 266, 38),
(6780, 266, 39),
(6781, 266, 40),
(6782, 266, 41),
(6783, 266, 42),
(6784, 266, 43),
(6785, 266, 44),
(6786, 267, 34),
(6787, 267, 35),
(6788, 267, 36),
(6789, 267, 37),
(6790, 267, 38),
(6791, 267, 39),
(6792, 267, 40),
(6793, 267, 41),
(6794, 267, 42),
(6795, 267, 43),
(6796, 267, 44),
(6797, 268, 34),
(6798, 268, 35),
(6799, 268, 36),
(6800, 268, 37),
(6801, 268, 38),
(6802, 268, 39),
(6803, 268, 40),
(6804, 268, 41),
(6805, 268, 42),
(6806, 268, 43),
(6807, 268, 44),
(6808, 269, 45),
(6809, 269, 46),
(6810, 269, 47),
(6811, 269, 48),
(6812, 269, 49),
(6813, 269, 50),
(6814, 269, 51),
(6815, 269, 52),
(6816, 269, 53),
(6817, 269, 54),
(6818, 269, 55),
(6819, 270, 45),
(6820, 270, 46),
(6821, 270, 47),
(6822, 270, 48),
(6823, 270, 49),
(6824, 270, 50),
(6825, 270, 51),
(6826, 270, 52),
(6827, 270, 53),
(6828, 270, 54),
(6829, 270, 55),
(6830, 271, 45),
(6831, 271, 46),
(6832, 271, 47),
(6833, 271, 48),
(6834, 271, 49),
(6835, 271, 50),
(6836, 271, 51),
(6837, 271, 52),
(6838, 271, 53),
(6839, 271, 54),
(6840, 271, 55),
(6841, 272, 1),
(6842, 272, 2),
(6843, 272, 3),
(6844, 272, 4),
(6845, 272, 5),
(6846, 272, 6),
(6847, 272, 7),
(6848, 272, 8),
(6849, 272, 9),
(6850, 272, 10),
(6851, 272, 11),
(6852, 273, 1),
(6853, 273, 2),
(6854, 273, 3),
(6855, 273, 4),
(6856, 273, 5),
(6857, 273, 6),
(6858, 273, 7),
(6859, 273, 8),
(6860, 273, 9),
(6861, 273, 10),
(6862, 273, 11),
(6863, 274, 1),
(6864, 274, 2),
(6865, 274, 3),
(6866, 274, 4),
(6867, 274, 5),
(6868, 274, 6),
(6869, 274, 7),
(6870, 274, 8),
(6871, 274, 9),
(6872, 274, 10),
(6873, 274, 11),
(6874, 275, 1),
(6875, 275, 2),
(6876, 275, 3),
(6877, 275, 4),
(6878, 275, 5),
(6879, 275, 6),
(6880, 275, 7),
(6881, 275, 8),
(6882, 275, 9),
(6883, 275, 10),
(6884, 275, 11),
(6885, 276, 1),
(6886, 276, 2),
(6887, 276, 3),
(6888, 276, 4),
(6889, 276, 5),
(6890, 276, 6),
(6891, 276, 7),
(6892, 276, 8),
(6893, 276, 9),
(6894, 276, 10),
(6895, 276, 11),
(6896, 277, 1),
(6897, 277, 2),
(6898, 277, 3),
(6899, 277, 4),
(6900, 277, 5),
(6901, 277, 6),
(6902, 277, 7),
(6903, 277, 8),
(6904, 277, 9),
(6905, 277, 10),
(6906, 277, 11),
(6907, 278, 1),
(6908, 278, 2),
(6909, 278, 3),
(6910, 278, 4),
(6911, 278, 5),
(6912, 278, 6),
(6913, 278, 7),
(6914, 278, 8),
(6915, 278, 9),
(6916, 278, 10),
(6917, 278, 11),
(6918, 279, 1),
(6919, 279, 2),
(6920, 279, 3),
(6921, 279, 4),
(6922, 279, 5),
(6923, 279, 6),
(6924, 279, 7),
(6925, 279, 8),
(6926, 279, 9),
(6927, 279, 10),
(6928, 279, 11),
(6929, 280, 1),
(6930, 280, 2),
(6931, 280, 3),
(6932, 280, 4),
(6933, 280, 5),
(6934, 280, 6),
(6935, 280, 7),
(6936, 280, 8),
(6937, 280, 9),
(6938, 280, 10),
(6939, 280, 11),
(6940, 281, 1),
(6941, 281, 2),
(6942, 281, 3),
(6943, 281, 4),
(6944, 281, 5),
(6945, 281, 6),
(6946, 281, 7),
(6947, 281, 8),
(6948, 281, 9),
(6949, 281, 10),
(6950, 281, 11),
(6951, 282, 12),
(6952, 282, 13),
(6953, 282, 14),
(6954, 282, 15),
(6955, 282, 16),
(6956, 282, 17),
(6957, 282, 18),
(6958, 282, 19),
(6959, 282, 20),
(6960, 282, 21),
(6961, 282, 22),
(6962, 283, 12),
(6963, 283, 13),
(6964, 283, 14),
(6965, 283, 15),
(6966, 283, 16),
(6967, 283, 17),
(6968, 283, 18),
(6969, 283, 19),
(6970, 283, 20),
(6971, 283, 21),
(6972, 283, 22),
(6973, 284, 12),
(6974, 284, 13),
(6975, 284, 14),
(6976, 284, 15),
(6977, 284, 16),
(6978, 284, 17),
(6979, 284, 18),
(6980, 284, 19),
(6981, 284, 20),
(6982, 284, 21),
(6983, 284, 22),
(6984, 285, 12),
(6985, 285, 13),
(6986, 285, 14),
(6987, 285, 15),
(6988, 285, 16),
(6989, 285, 17),
(6990, 285, 18),
(6991, 285, 19),
(6992, 285, 20),
(6993, 285, 21),
(6994, 285, 22),
(6995, 286, 12),
(6996, 286, 13),
(6997, 286, 14),
(6998, 286, 15),
(6999, 286, 16),
(7000, 286, 17),
(7001, 286, 18),
(7002, 286, 19),
(7003, 286, 20),
(7004, 286, 21),
(7005, 286, 22),
(7006, 287, 23),
(7007, 287, 24),
(7008, 287, 25),
(7009, 287, 26),
(7010, 287, 27),
(7011, 287, 28),
(7012, 287, 29),
(7013, 287, 30),
(7014, 287, 31),
(7015, 287, 32),
(7016, 287, 33),
(7017, 288, 23),
(7018, 288, 24),
(7019, 288, 25),
(7020, 288, 26),
(7021, 288, 27),
(7022, 288, 28),
(7023, 288, 29),
(7024, 288, 30),
(7025, 288, 31),
(7026, 288, 32),
(7027, 288, 33),
(7028, 289, 34),
(7029, 289, 35),
(7030, 289, 36),
(7031, 289, 37),
(7032, 289, 38),
(7033, 289, 39),
(7034, 289, 40),
(7035, 289, 41),
(7036, 289, 42),
(7037, 289, 43),
(7038, 289, 44),
(7039, 290, 34),
(7040, 290, 35),
(7041, 290, 36),
(7042, 290, 37),
(7043, 290, 38),
(7044, 290, 39),
(7045, 290, 40),
(7046, 290, 41),
(7047, 290, 42),
(7048, 290, 43),
(7049, 290, 44),
(7050, 291, 45),
(7051, 291, 46),
(7052, 291, 47),
(7053, 291, 48),
(7054, 291, 49),
(7055, 291, 50),
(7056, 291, 51),
(7057, 291, 52),
(7058, 291, 53),
(7059, 291, 54),
(7060, 291, 55),
(7061, 292, 1),
(7062, 292, 2),
(7063, 292, 3),
(7064, 292, 4),
(7065, 292, 5),
(7066, 292, 6),
(7067, 292, 7),
(7068, 292, 8),
(7069, 292, 9),
(7070, 292, 10),
(7071, 292, 11),
(7072, 293, 1),
(7073, 293, 2),
(7074, 293, 3),
(7075, 293, 4),
(7076, 293, 5),
(7077, 293, 6),
(7078, 293, 7),
(7079, 293, 8),
(7080, 293, 9),
(7081, 293, 10),
(7082, 293, 11),
(7083, 294, 1),
(7084, 294, 2),
(7085, 294, 3),
(7086, 294, 4),
(7087, 294, 5),
(7088, 294, 6),
(7089, 294, 7),
(7090, 294, 8),
(7091, 294, 9),
(7092, 294, 10),
(7093, 294, 11),
(7094, 295, 1),
(7095, 295, 2),
(7096, 295, 3),
(7097, 295, 4),
(7098, 295, 5),
(7099, 295, 6),
(7100, 295, 7),
(7101, 295, 8),
(7102, 295, 9),
(7103, 295, 10),
(7104, 295, 11),
(7105, 296, 1),
(7106, 296, 2),
(7107, 296, 3),
(7108, 296, 4),
(7109, 296, 5),
(7110, 296, 6),
(7111, 296, 7),
(7112, 296, 8),
(7113, 296, 9),
(7114, 296, 10),
(7115, 296, 11),
(7116, 297, 1),
(7117, 297, 2),
(7118, 297, 3),
(7119, 297, 4),
(7120, 297, 5),
(7121, 297, 6),
(7122, 297, 7),
(7123, 297, 8),
(7124, 297, 9),
(7125, 297, 10),
(7126, 297, 11),
(7127, 298, 1),
(7128, 298, 2),
(7129, 298, 3),
(7130, 298, 4),
(7131, 298, 5),
(7132, 298, 6),
(7133, 298, 7),
(7134, 298, 8),
(7135, 298, 9),
(7136, 298, 10),
(7137, 298, 11),
(7138, 299, 1),
(7139, 299, 2),
(7140, 299, 3),
(7141, 299, 4),
(7142, 299, 5),
(7143, 299, 6),
(7144, 299, 7),
(7145, 299, 8),
(7146, 299, 9),
(7147, 299, 10),
(7148, 299, 11),
(7149, 300, 1),
(7150, 300, 2),
(7151, 300, 3),
(7152, 300, 4),
(7153, 300, 5),
(7154, 300, 6),
(7155, 300, 7),
(7156, 300, 8),
(7157, 300, 9),
(7158, 300, 10),
(7159, 300, 11),
(7160, 301, 1),
(7161, 301, 2),
(7162, 301, 3),
(7163, 301, 4),
(7164, 301, 5),
(7165, 301, 6),
(7166, 301, 7),
(7167, 301, 8),
(7168, 301, 9),
(7169, 301, 10),
(7170, 301, 11),
(7171, 302, 1),
(7172, 302, 2),
(7173, 302, 3),
(7174, 302, 4),
(7175, 302, 5),
(7176, 302, 6),
(7177, 302, 7),
(7178, 302, 8),
(7179, 302, 9),
(7180, 302, 10),
(7181, 302, 11),
(7182, 303, 12),
(7183, 303, 13),
(7184, 303, 14),
(7185, 303, 15),
(7186, 303, 16),
(7187, 303, 17),
(7188, 303, 18),
(7189, 303, 19),
(7190, 303, 20),
(7191, 303, 21),
(7192, 303, 22),
(7193, 304, 12),
(7194, 304, 13),
(7195, 304, 14),
(7196, 304, 15),
(7197, 304, 16),
(7198, 304, 17),
(7199, 304, 18),
(7200, 304, 19),
(7201, 304, 20),
(7202, 304, 21),
(7203, 304, 22),
(7204, 305, 12),
(7205, 305, 13),
(7206, 305, 14),
(7207, 305, 15),
(7208, 305, 16),
(7209, 305, 17),
(7210, 305, 18),
(7211, 305, 19),
(7212, 305, 20),
(7213, 305, 21),
(7214, 305, 22),
(7215, 306, 12),
(7216, 306, 13),
(7217, 306, 14),
(7218, 306, 15),
(7219, 306, 16),
(7220, 306, 17),
(7221, 306, 18),
(7222, 306, 19),
(7223, 306, 20),
(7224, 306, 21),
(7225, 306, 22),
(7226, 307, 12),
(7227, 307, 13),
(7228, 307, 14),
(7229, 307, 15),
(7230, 307, 16),
(7231, 307, 17),
(7232, 307, 18),
(7233, 307, 19),
(7234, 307, 20),
(7235, 307, 21),
(7236, 307, 22),
(7237, 308, 12),
(7238, 308, 13),
(7239, 308, 14),
(7240, 308, 15),
(7241, 308, 16),
(7242, 308, 17),
(7243, 308, 18),
(7244, 308, 19),
(7245, 308, 20),
(7246, 308, 21),
(7247, 308, 22),
(7248, 309, 12),
(7249, 309, 13),
(7250, 309, 14),
(7251, 309, 15),
(7252, 309, 16),
(7253, 309, 17),
(7254, 309, 18),
(7255, 309, 19),
(7256, 309, 20),
(7257, 309, 21),
(7258, 309, 22),
(7259, 310, 23),
(7260, 310, 24),
(7261, 310, 25),
(7262, 310, 26),
(7263, 310, 27),
(7264, 310, 28),
(7265, 310, 29),
(7266, 310, 30),
(7267, 310, 31),
(7268, 310, 32),
(7269, 310, 33),
(7270, 312, 34),
(7271, 312, 35),
(7272, 312, 36),
(7273, 312, 37),
(7274, 312, 38),
(7275, 312, 39),
(7276, 312, 40),
(7277, 312, 41),
(7278, 312, 42),
(7279, 312, 43),
(7280, 312, 44),
(7281, 313, 34),
(7282, 313, 35),
(7283, 313, 36),
(7284, 313, 37),
(7285, 313, 38),
(7286, 313, 39),
(7287, 313, 40),
(7288, 313, 41),
(7289, 313, 42),
(7290, 313, 43),
(7291, 313, 44),
(7292, 314, 34),
(7293, 314, 35),
(7294, 314, 36),
(7295, 314, 37),
(7296, 314, 38),
(7297, 314, 39),
(7298, 314, 40),
(7299, 314, 41),
(7300, 314, 42),
(7301, 314, 43),
(7302, 314, 44),
(7303, 315, 45),
(7304, 315, 46),
(7305, 315, 47),
(7306, 315, 48),
(7307, 315, 49),
(7308, 315, 50),
(7309, 315, 51),
(7310, 315, 52),
(7311, 315, 53),
(7312, 315, 54),
(7313, 315, 55),
(7314, 316, 45),
(7315, 316, 46),
(7316, 316, 47),
(7317, 316, 48),
(7318, 316, 49),
(7319, 316, 50),
(7320, 316, 51),
(7321, 316, 52),
(7322, 316, 53),
(7323, 316, 54),
(7324, 316, 55),
(7325, 317, 1),
(7326, 317, 2),
(7327, 317, 3),
(7328, 317, 4),
(7329, 317, 5),
(7330, 317, 6),
(7331, 317, 7),
(7332, 317, 8),
(7333, 317, 9),
(7334, 317, 10),
(7335, 317, 11),
(7336, 318, 1),
(7337, 318, 2),
(7338, 318, 3),
(7339, 318, 4),
(7340, 318, 5),
(7341, 318, 6),
(7342, 318, 7),
(7343, 318, 8),
(7344, 318, 9),
(7345, 318, 10),
(7346, 318, 11),
(7347, 319, 1),
(7348, 319, 2),
(7349, 319, 3),
(7350, 319, 4),
(7351, 319, 5),
(7352, 319, 6),
(7353, 319, 7),
(7354, 319, 8),
(7355, 319, 9),
(7356, 319, 10),
(7357, 319, 11),
(7358, 320, 1),
(7359, 320, 2),
(7360, 320, 3),
(7361, 320, 4),
(7362, 320, 5),
(7363, 320, 6),
(7364, 320, 7),
(7365, 320, 8),
(7366, 320, 9),
(7367, 320, 10),
(7368, 320, 11),
(7369, 321, 1),
(7370, 321, 2),
(7371, 321, 3),
(7372, 321, 4),
(7373, 321, 5),
(7374, 321, 6),
(7375, 321, 7),
(7376, 321, 8),
(7377, 321, 9),
(7378, 321, 10),
(7379, 321, 11),
(7380, 322, 1),
(7381, 322, 2),
(7382, 322, 3),
(7383, 322, 4),
(7384, 322, 5),
(7385, 322, 6),
(7386, 322, 7),
(7387, 322, 8),
(7388, 322, 9),
(7389, 322, 10),
(7390, 322, 11),
(7391, 323, 1),
(7392, 323, 2),
(7393, 323, 3),
(7394, 323, 4),
(7395, 323, 5),
(7396, 323, 6),
(7397, 323, 7),
(7398, 323, 8),
(7399, 323, 9),
(7400, 323, 10),
(7401, 323, 11),
(7402, 324, 1),
(7403, 324, 2),
(7404, 324, 3),
(7405, 324, 4),
(7406, 324, 5),
(7407, 324, 6),
(7408, 324, 7),
(7409, 324, 8),
(7410, 324, 9),
(7411, 324, 10),
(7412, 324, 11),
(7413, 325, 1),
(7414, 325, 2),
(7415, 325, 3),
(7416, 325, 4),
(7417, 325, 5),
(7418, 325, 6),
(7419, 325, 7),
(7420, 325, 8),
(7421, 325, 9),
(7422, 325, 10),
(7423, 325, 11),
(7424, 326, 1),
(7425, 326, 2),
(7426, 326, 3),
(7427, 326, 4),
(7428, 326, 5),
(7429, 326, 6),
(7430, 326, 7),
(7431, 326, 8),
(7432, 326, 9),
(7433, 326, 10),
(7434, 326, 11),
(7435, 327, 1),
(7436, 327, 2),
(7437, 327, 3),
(7438, 327, 4),
(7439, 327, 5),
(7440, 327, 6),
(7441, 327, 7),
(7442, 327, 8),
(7443, 327, 9),
(7444, 327, 10),
(7445, 327, 11),
(7446, 328, 1),
(7447, 328, 2),
(7448, 328, 3),
(7449, 328, 4),
(7450, 328, 5),
(7451, 328, 6),
(7452, 328, 7),
(7453, 328, 8),
(7454, 328, 9),
(7455, 328, 10),
(7456, 328, 11),
(7457, 329, 1),
(7458, 329, 2),
(7459, 329, 3),
(7460, 329, 4),
(7461, 329, 5),
(7462, 329, 6),
(7463, 329, 7),
(7464, 329, 8),
(7465, 329, 9),
(7466, 329, 10),
(7467, 329, 11),
(7468, 330, 1),
(7469, 330, 2),
(7470, 330, 3),
(7471, 330, 4),
(7472, 330, 5),
(7473, 330, 6),
(7474, 330, 7),
(7475, 330, 8),
(7476, 330, 9),
(7477, 330, 10),
(7478, 330, 11),
(7479, 331, 1),
(7480, 331, 2),
(7481, 331, 3),
(7482, 331, 4),
(7483, 331, 5),
(7484, 331, 6),
(7485, 331, 7),
(7486, 331, 8),
(7487, 331, 9),
(7488, 331, 10),
(7489, 331, 11),
(7490, 332, 12),
(7491, 332, 13),
(7492, 332, 14),
(7493, 332, 15),
(7494, 332, 16),
(7495, 332, 17),
(7496, 332, 18),
(7497, 332, 19),
(7498, 332, 20),
(7499, 332, 21),
(7500, 332, 22),
(7501, 333, 12),
(7502, 333, 13),
(7503, 333, 14),
(7504, 333, 15),
(7505, 333, 16),
(7506, 333, 17);
INSERT INTO `inscripciones` (`id_inscripcion`, `id_alumno`, `id_materia`) VALUES
(7507, 333, 18),
(7508, 333, 19),
(7509, 333, 20),
(7510, 333, 21),
(7511, 333, 22),
(7512, 334, 12),
(7513, 334, 13),
(7514, 334, 14),
(7515, 334, 15),
(7516, 334, 16),
(7517, 334, 17),
(7518, 334, 18),
(7519, 334, 19),
(7520, 334, 20),
(7521, 334, 21),
(7522, 334, 22),
(7523, 335, 12),
(7524, 335, 13),
(7525, 335, 14),
(7526, 335, 15),
(7527, 335, 16),
(7528, 335, 17),
(7529, 335, 18),
(7530, 335, 19),
(7531, 335, 20),
(7532, 335, 21),
(7533, 335, 22),
(7534, 336, 12),
(7535, 336, 13),
(7536, 336, 14),
(7537, 336, 15),
(7538, 336, 16),
(7539, 336, 17),
(7540, 336, 18),
(7541, 336, 19),
(7542, 336, 20),
(7543, 336, 21),
(7544, 336, 22),
(7545, 337, 12),
(7546, 337, 13),
(7547, 337, 14),
(7548, 337, 15),
(7549, 337, 16),
(7550, 337, 17),
(7551, 337, 18),
(7552, 337, 19),
(7553, 337, 20),
(7554, 337, 21),
(7555, 337, 22),
(7556, 338, 12),
(7557, 338, 13),
(7558, 338, 14),
(7559, 338, 15),
(7560, 338, 16),
(7561, 338, 17),
(7562, 338, 18),
(7563, 338, 19),
(7564, 338, 20),
(7565, 338, 21),
(7566, 338, 22),
(7567, 340, 12),
(7568, 340, 13),
(7569, 340, 14),
(7570, 340, 15),
(7571, 340, 16),
(7572, 340, 17),
(7573, 340, 18),
(7574, 340, 19),
(7575, 340, 20),
(7576, 340, 21),
(7577, 340, 22),
(7578, 341, 12),
(7579, 341, 13),
(7580, 341, 14),
(7581, 341, 15),
(7582, 341, 16),
(7583, 341, 17),
(7584, 341, 18),
(7585, 341, 19),
(7586, 341, 20),
(7587, 341, 21),
(7588, 341, 22),
(7589, 342, 12),
(7590, 342, 13),
(7591, 342, 14),
(7592, 342, 15),
(7593, 342, 16),
(7594, 342, 17),
(7595, 342, 18),
(7596, 342, 19),
(7597, 342, 20),
(7598, 342, 21),
(7599, 342, 22),
(7600, 343, 23),
(7601, 343, 24),
(7602, 343, 25),
(7603, 343, 26),
(7604, 343, 27),
(7605, 343, 28),
(7606, 343, 29),
(7607, 343, 30),
(7608, 343, 31),
(7609, 343, 32),
(7610, 343, 33),
(7611, 344, 23),
(7612, 344, 24),
(7613, 344, 25),
(7614, 344, 26),
(7615, 344, 27),
(7616, 344, 28),
(7617, 344, 29),
(7618, 344, 30),
(7619, 344, 31),
(7620, 344, 32),
(7621, 344, 33),
(7622, 345, 23),
(7623, 345, 24),
(7624, 345, 25),
(7625, 345, 26),
(7626, 345, 27),
(7627, 345, 28),
(7628, 345, 29),
(7629, 345, 30),
(7630, 345, 31),
(7631, 345, 32),
(7632, 345, 33),
(7633, 346, 23),
(7634, 346, 24),
(7635, 346, 25),
(7636, 346, 26),
(7637, 346, 27),
(7638, 346, 28),
(7639, 346, 29),
(7640, 346, 30),
(7641, 346, 31),
(7642, 346, 32),
(7643, 346, 33),
(7644, 347, 23),
(7645, 347, 24),
(7646, 347, 25),
(7647, 347, 26),
(7648, 347, 27),
(7649, 347, 28),
(7650, 347, 29),
(7651, 347, 30),
(7652, 347, 31),
(7653, 347, 32),
(7654, 347, 33),
(7655, 348, 23),
(7656, 348, 24),
(7657, 348, 25),
(7658, 348, 26),
(7659, 348, 27),
(7660, 348, 28),
(7661, 348, 29),
(7662, 348, 30),
(7663, 348, 31),
(7664, 348, 32),
(7665, 348, 33),
(7666, 349, 34),
(7667, 349, 35),
(7668, 349, 36),
(7669, 349, 37),
(7670, 349, 38),
(7671, 349, 39),
(7672, 349, 40),
(7673, 349, 41),
(7674, 349, 42),
(7675, 349, 43),
(7676, 349, 44),
(7677, 350, 34),
(7678, 350, 35),
(7679, 350, 36),
(7680, 350, 37),
(7681, 350, 38),
(7682, 350, 39),
(7683, 350, 40),
(7684, 350, 41),
(7685, 350, 42),
(7686, 350, 43),
(7687, 350, 44),
(7688, 352, 45),
(7689, 352, 46),
(7690, 352, 47),
(7691, 352, 48),
(7692, 352, 49),
(7693, 352, 50),
(7694, 352, 51),
(7695, 352, 52),
(7696, 352, 53),
(7697, 352, 54),
(7698, 352, 55),
(7699, 353, 45),
(7700, 353, 46),
(7701, 353, 47),
(7702, 353, 48),
(7703, 353, 49),
(7704, 353, 50),
(7705, 353, 51),
(7706, 353, 52),
(7707, 353, 53),
(7708, 353, 54),
(7709, 353, 55),
(7710, 354, 45),
(7711, 354, 46),
(7712, 354, 47),
(7713, 354, 48),
(7714, 354, 49),
(7715, 354, 50),
(7716, 354, 51),
(7717, 354, 52),
(7718, 354, 53),
(7719, 354, 54),
(7720, 354, 55),
(7721, 355, 45),
(7722, 355, 46),
(7723, 355, 47),
(7724, 355, 48),
(7725, 355, 49),
(7726, 355, 50),
(7727, 355, 51),
(7728, 355, 52),
(7729, 355, 53),
(7730, 355, 54),
(7731, 355, 55),
(7732, 356, 45),
(7733, 356, 46),
(7734, 356, 47),
(7735, 356, 48),
(7736, 356, 49),
(7737, 356, 50),
(7738, 356, 51),
(7739, 356, 52),
(7740, 356, 53),
(7741, 356, 54),
(7742, 356, 55),
(7743, 358, 45),
(7744, 358, 46),
(7745, 358, 47),
(7746, 358, 48),
(7747, 358, 49),
(7748, 358, 50),
(7749, 358, 51),
(7750, 358, 52),
(7751, 358, 53),
(7752, 358, 54),
(7753, 358, 55),
(7754, 359, 1),
(7755, 359, 2),
(7756, 359, 3),
(7757, 359, 4),
(7758, 359, 5),
(7759, 359, 6),
(7760, 359, 7),
(7761, 359, 8),
(7762, 359, 9),
(7763, 359, 10),
(7764, 359, 11),
(7765, 360, 1),
(7766, 360, 2),
(7767, 360, 3),
(7768, 360, 4),
(7769, 360, 5),
(7770, 360, 6),
(7771, 360, 7),
(7772, 360, 8),
(7773, 360, 9),
(7774, 360, 10),
(7775, 360, 11),
(7776, 361, 1),
(7777, 361, 2),
(7778, 361, 3),
(7779, 361, 4),
(7780, 361, 5),
(7781, 361, 6),
(7782, 361, 7),
(7783, 361, 8),
(7784, 361, 9),
(7785, 361, 10),
(7786, 361, 11),
(7787, 362, 1),
(7788, 362, 2),
(7789, 362, 3),
(7790, 362, 4),
(7791, 362, 5),
(7792, 362, 6),
(7793, 362, 7),
(7794, 362, 8),
(7795, 362, 9),
(7796, 362, 10),
(7797, 362, 11),
(7798, 363, 1),
(7799, 363, 2),
(7800, 363, 3),
(7801, 363, 4),
(7802, 363, 5),
(7803, 363, 6),
(7804, 363, 7),
(7805, 363, 8),
(7806, 363, 9),
(7807, 363, 10),
(7808, 363, 11),
(7809, 364, 1),
(7810, 364, 2),
(7811, 364, 3),
(7812, 364, 4),
(7813, 364, 5),
(7814, 364, 6),
(7815, 364, 7),
(7816, 364, 8),
(7817, 364, 9),
(7818, 364, 10),
(7819, 364, 11),
(7820, 366, 12),
(7821, 366, 13),
(7822, 366, 14),
(7823, 366, 15),
(7824, 366, 16),
(7825, 366, 17),
(7826, 366, 18),
(7827, 366, 19),
(7828, 366, 20),
(7829, 366, 21),
(7830, 366, 22),
(7831, 367, 12),
(7832, 367, 13),
(7833, 367, 14),
(7834, 367, 15),
(7835, 367, 16),
(7836, 367, 17),
(7837, 367, 18),
(7838, 367, 19),
(7839, 367, 20),
(7840, 367, 21),
(7841, 367, 22),
(7842, 368, 12),
(7843, 368, 13),
(7844, 368, 14),
(7845, 368, 15),
(7846, 368, 16),
(7847, 368, 17),
(7848, 368, 18),
(7849, 368, 19),
(7850, 368, 20),
(7851, 368, 21),
(7852, 368, 22),
(7853, 369, 12),
(7854, 369, 13),
(7855, 369, 14),
(7856, 369, 15),
(7857, 369, 16),
(7858, 369, 17),
(7859, 369, 18),
(7860, 369, 19),
(7861, 369, 20),
(7862, 369, 21),
(7863, 369, 22),
(7864, 370, 23),
(7865, 370, 24),
(7866, 370, 25),
(7867, 370, 26),
(7868, 370, 27),
(7869, 370, 28),
(7870, 370, 29),
(7871, 370, 30),
(7872, 370, 31),
(7873, 370, 32),
(7874, 370, 33),
(7875, 371, 23),
(7876, 371, 24),
(7877, 371, 25),
(7878, 371, 26),
(7879, 371, 27),
(7880, 371, 28),
(7881, 371, 29),
(7882, 371, 30),
(7883, 371, 31),
(7884, 371, 32),
(7885, 371, 33),
(7886, 372, 23),
(7887, 372, 24),
(7888, 372, 25),
(7889, 372, 26),
(7890, 372, 27),
(7891, 372, 28),
(7892, 372, 29),
(7893, 372, 30),
(7894, 372, 31),
(7895, 372, 32),
(7896, 372, 33),
(7897, 373, 23),
(7898, 373, 24),
(7899, 373, 25),
(7900, 373, 26),
(7901, 373, 27),
(7902, 373, 28),
(7903, 373, 29),
(7904, 373, 30),
(7905, 373, 31),
(7906, 373, 32),
(7907, 373, 33),
(7908, 374, 23),
(7909, 374, 24),
(7910, 374, 25),
(7911, 374, 26),
(7912, 374, 27),
(7913, 374, 28),
(7914, 374, 29),
(7915, 374, 30),
(7916, 374, 31),
(7917, 374, 32),
(7918, 374, 33),
(7919, 375, 23),
(7920, 375, 24),
(7921, 375, 25),
(7922, 375, 26),
(7923, 375, 27);

-- --------------------------------------------------------

--
-- Estructura de tabla para la tabla `materias`
--

CREATE TABLE `materias` (
  `id_materia` int(11) NOT NULL,
  `nombre_materia` varchar(100) NOT NULL,
  `id_profesor` int(11) NOT NULL,
  `ano_materia` int(11) NOT NULL
) ENGINE=InnoDB DEFAULT CHARSET=utf8mb4 COLLATE=utf8mb4_general_ci COMMENT='Relaciona materias con profesores y años de la materia';

--
-- Volcado de datos para la tabla `materias`
--

INSERT INTO `materias` (`id_materia`, `nombre_materia`, `id_profesor`, `ano_materia`) VALUES
(1, 'Biologia', 11, 1),
(2, 'EDI', 2, 1),
(3, 'Ed Artistica', 10, 1),
(4, 'Ed Fisica', 4, 1),
(5, 'Formacion Etica y Ciudadana', 1, 1),
(6, 'Geografia', 9, 1),
(7, 'Historia', 7, 1),
(8, 'Ingles', 8, 1),
(9, 'Lengua', 12, 1),
(10, 'Matematica', 20, 1),
(11, 'Tecnologia', 6, 1),
(12, 'Biologia', 11, 2),
(13, 'Ed Fisica', 4, 2),
(14, 'Ed Artistica', 10, 2),
(15, 'Fisicoquimica', 2, 2),
(16, 'Formacion Etica y Ciudadana', 1, 2),
(17, 'Geografia', 9, 2),
(18, 'Historia', 7, 2),
(19, 'Ingles', 8, 2),
(20, 'Lengua', 12, 2),
(21, 'Matematica', 20, 2),
(22, 'Tecnologia', 6, 2),
(23, 'Biologia', 11, 3),
(24, 'Ed Artistica', 10, 3),
(25, 'Ed Fisica', 5, 3),
(26, 'Fisica', 2, 3),
(27, 'Formacion Etica y Ciudadana', 1, 3),
(28, 'Geografia', 15, 3),
(29, 'Historia', 7, 3),
(30, 'Ingles', 8, 3),
(31, 'Lengua', 12, 3),
(32, 'Matematica', 21, 3),
(33, 'TIC', 17, 3),
(34, 'Ciudadania y Trabajo', 1, 4),
(35, 'Economia', 14, 4),
(36, 'Ed Fisica', 5, 4),
(37, 'Geografia', 15, 4),
(38, 'Historia', 7, 4),
(39, 'Ingles', 8, 4),
(40, 'Lengua', 12, 4),
(41, 'Matematica', 21, 4),
(42, 'Metodologia de la Investigacion', 11, 4),
(43, 'Psicologia', 3, 4),
(44, 'Quimica', 19, 4),
(45, 'Ciencias Politicas', 18, 5),
(46, 'Derecho', 18, 5),
(47, 'Ed Fisica', 5, 5),
(48, 'Filosofia', 16, 5),
(49, 'Geografia Economica', 15, 5),
(50, 'Historia de las Transformaciones Socioculturales', 7, 5),
(51, 'Ingles', 8, 5),
(52, 'Lengua', 13, 5),
(53, 'Matematica', 21, 5),
(54, 'Proyecto de Investigacion Sociocomunitaria', 2, 5),
(55, 'Sociologia', 1, 5);

-- --------------------------------------------------------

--
-- Estructura de tabla para la tabla `notas`
--

CREATE TABLE `notas` (
  `id_nota` int(11) NOT NULL,
  `id_inscripcion` int(11) DEFAULT NULL,
  `trimestre_nota` int(11) DEFAULT NULL,
  `numero_nota` int(11) DEFAULT NULL,
  `valor_nota` decimal(4,2) DEFAULT NULL,
  `tipo_nota` varchar(25) DEFAULT NULL
) ENGINE=InnoDB DEFAULT CHARSET=utf8mb4 COLLATE=utf8mb4_general_ci;

--
-- Volcado de datos para la tabla `notas`
--

INSERT INTO `notas` (`id_nota`, `id_inscripcion`, `trimestre_nota`, `numero_nota`, `valor_nota`, `tipo_nota`) VALUES
(1583, 4161, 1, 2, 0.00, 'Promedio'),
(1584, 4161, 2, 2, 0.00, 'Promedio'),
(1585, 4161, 3, 2, 0.00, 'Promedio'),
(1586, 4161, 1, 4, 0.00, 'NotaTrimestral'),
(1587, 4161, 2, 4, 0.00, 'NotaTrimestral'),
(1588, 4161, 3, 4, 0.00, 'NotaTrimestral'),
(1589, 4161, 4, 1, 0.00, 'PromTrim'),
(1590, 4161, 4, 5, 0.00, 'CalifDef'),
(1591, 4161, 4, 5, 0.00, 'CalifDef'),
(1592, 4161, 4, 5, 0.00, 'CalifDef'),
(1593, 4161, 4, 5, 0.00, 'CalifDef'),
(1595, 4029, 1, 2, 0.00, 'Promedio'),
(1596, 4029, 2, 2, 10.00, 'Promedio'),
(1597, 4029, 3, 2, 5.25, 'Promedio'),
(1598, 4029, 1, 4, 0.00, 'NotaTrimestral'),
(1599, 4029, 2, 4, 10.00, 'NotaTrimestral'),
(1600, 4029, 3, 4, 5.25, 'NotaTrimestral'),
(1601, 4029, 4, 1, 5.08, 'PromTrim'),
(1602, 4029, 4, 5, 7.00, 'CalifDef'),
(1604, 4029, 4, 5, 7.00, 'CalifDef'),
(1609, 4029, 4, 5, 7.00, 'CalifDef'),
(1611, 4029, 4, 5, 7.00, 'CalifDef'),
(1621, 4029, 4, 5, 7.00, 'CalifDef'),
(1623, 4025, 1, 2, 0.00, 'Promedio'),
(1624, 4025, 2, 2, 0.00, 'Promedio'),
(1625, 4025, 3, 2, 0.00, 'Promedio'),
(1626, 4025, 1, 4, 0.00, 'NotaTrimestral'),
(1627, 4025, 2, 4, 0.00, 'NotaTrimestral'),
(1628, 4025, 3, 4, 0.00, 'NotaTrimestral'),
(1629, 4025, 4, 1, 0.00, 'PromTrim'),
(1630, 4025, 4, 5, 0.00, 'CalifDef'),
(1631, 4029, 4, 5, 7.00, 'CalifDef'),
(1632, 4029, 4, 5, 7.00, 'CalifDef'),
(1637, 4029, 4, 5, 7.00, 'CalifDef'),
(1639, 4029, 4, 5, 7.00, 'CalifDef'),
(1640, 4029, 4, 5, 7.00, 'CalifDef'),
(1641, 4025, 4, 5, 0.00, 'CalifDef'),
(1642, 4036, 1, 2, 0.00, 'Promedio'),
(1643, 4036, 2, 2, 0.00, 'Promedio'),
(1644, 4036, 3, 2, 0.00, 'Promedio'),
(1645, 4036, 1, 4, 0.00, 'NotaTrimestral'),
(1646, 4036, 2, 4, 0.00, 'NotaTrimestral'),
(1647, 4036, 3, 4, 0.00, 'NotaTrimestral'),
(1648, 4036, 4, 1, 0.00, 'PromTrim'),
(1649, 4036, 4, 5, 0.00, 'CalifDef'),
(1650, 4047, 1, 2, 0.00, 'Promedio'),
(1651, 4047, 2, 2, 0.00, 'Promedio'),
(1652, 4047, 3, 2, 0.00, 'Promedio'),
(1653, 4047, 1, 4, 0.00, 'NotaTrimestral'),
(1654, 4047, 2, 4, 0.00, 'NotaTrimestral'),
(1655, 4047, 3, 4, 0.00, 'NotaTrimestral'),
(1656, 4047, 4, 1, 0.00, 'PromTrim'),
(1657, 4047, 4, 5, 0.00, 'CalifDef'),
(1658, 4058, 1, 2, 0.00, 'Promedio'),
(1659, 4058, 2, 2, 0.00, 'Promedio'),
(1660, 4058, 3, 2, 0.00, 'Promedio'),
(1661, 4058, 1, 4, 0.00, 'NotaTrimestral'),
(1662, 4058, 2, 4, 0.00, 'NotaTrimestral'),
(1663, 4058, 3, 4, 0.00, 'NotaTrimestral'),
(1664, 4058, 4, 1, 0.00, 'PromTrim'),
(1665, 4058, 4, 5, 0.00, 'CalifDef'),
(1666, 7758, 1, 1, 6.00, 'Envio'),
(1667, 7758, 1, 2, 3.50, 'Promedio'),
(1668, 7758, 2, 2, 0.00, 'Promedio'),
(1669, 7758, 3, 2, 0.00, 'Promedio'),
(1670, 7758, 1, 4, 3.50, 'NotaTrimestral'),
(1671, 7758, 2, 4, 0.00, 'NotaTrimestral'),
(1672, 7758, 3, 4, 0.00, 'NotaTrimestral'),
(1673, 7758, 4, 1, 1.17, 'PromTrim'),
(1674, 7758, 4, 5, 1.17, 'CalifDef'),
(1675, 7758, 4, 5, 1.17, 'CalifDef'),
(1676, 7769, 1, 1, 6.00, 'Envio'),
(1677, 7769, 1, 2, 3.50, 'Promedio'),
(1678, 7769, 2, 2, 0.00, 'Promedio'),
(1679, 7769, 3, 2, 0.00, 'Promedio'),
(1680, 7769, 1, 4, 3.50, 'NotaTrimestral'),
(1681, 7769, 2, 4, 0.00, 'NotaTrimestral'),
(1682, 7769, 3, 4, 0.00, 'NotaTrimestral'),
(1683, 7769, 4, 1, 1.17, 'PromTrim'),
(1684, 7769, 4, 5, 1.17, 'CalifDef'),
(1685, 7758, 1, 2, 8.00, 'Envio'),
(1686, 7769, 1, 2, 8.00, 'Envio'),
(1687, 7759, 1, 2, 0.00, 'Promedio'),
(1688, 7759, 2, 2, 0.00, 'Promedio'),
(1689, 7759, 3, 2, 0.00, 'Promedio'),
(1690, 7759, 1, 4, 0.00, 'NotaTrimestral'),
(1691, 7759, 2, 4, 0.00, 'NotaTrimestral'),
(1692, 7759, 3, 4, 0.00, 'NotaTrimestral'),
(1693, 7759, 4, 1, 0.00, 'PromTrim'),
(1694, 7759, 4, 5, 0.00, 'CalifDef'),
(1695, 7759, 4, 5, 0.00, 'CalifDef'),
(1696, 7820, 1, 2, 0.00, 'Promedio'),
(1697, 7820, 2, 2, 0.00, 'Promedio'),
(1698, 7820, 3, 2, 0.00, 'Promedio'),
(1699, 7820, 1, 4, 0.00, 'NotaTrimestral'),
(1700, 7820, 2, 4, 0.00, 'NotaTrimestral'),
(1701, 7820, 3, 4, 0.00, 'NotaTrimestral'),
(1702, 7820, 4, 1, 0.00, 'PromTrim'),
(1703, 7820, 4, 5, 0.00, 'CalifDef'),
(1704, 7820, 4, 5, 0.00, 'CalifDef'),
(1705, 7820, 4, 5, 0.00, 'CalifDef'),
(1706, 4029, 4, 5, 7.00, 'CalifDef'),
(1707, 4029, 4, 5, 7.00, 'CalifDef'),
(1711, 4029, 2, 4, 10.00, 'Envio'),
(1712, 4029, 4, 5, 7.00, 'CalifDef'),
(1714, 4029, 2, 5, 10.00, 'Envio'),
(1715, 4029, 4, 5, 7.00, 'CalifDef'),
(1716, 4062, 1, 2, 0.00, 'Promedio'),
(1717, 4062, 2, 2, 0.00, 'Promedio'),
(1718, 4062, 3, 2, 0.00, 'Promedio'),
(1719, 4062, 1, 4, 0.00, 'NotaTrimestral'),
(1720, 4062, 2, 4, 0.00, 'NotaTrimestral'),
(1721, 4062, 3, 4, 0.00, 'NotaTrimestral'),
(1722, 4062, 4, 1, 0.00, 'PromTrim'),
(1723, 4062, 4, 5, 0.00, 'CalifDef'),
(1724, 4029, 4, 5, 7.00, 'CalifDef'),
(1725, 4029, 2, 6, 10.00, 'Envio'),
(1726, 4029, 2, 1, 10.00, 'Concepto'),
(1727, 4029, 3, 7, 10.00, 'Envio'),
(1728, 4029, 3, 8, 10.00, 'Envio'),
(1729, 4029, 3, 9, 1.00, 'Envio'),
(1731, 4029, 4, 3, 7.00, 'Febrero'),
(1732, 4029, 4, 2, 5.00, 'Diciembre'),
(1733, 4029, 4, 5, 7.00, 'CalifDef'),
(1734, 7754, 1, 2, 0.00, 'Promedio'),
(1735, 7754, 2, 2, 0.00, 'Promedio'),
(1736, 7754, 3, 2, 0.00, 'Promedio'),
(1737, 7754, 1, 4, 0.00, 'NotaTrimestral'),
(1738, 7754, 2, 4, 0.00, 'NotaTrimestral'),
(1739, 7754, 3, 4, 0.00, 'NotaTrimestral'),
(1740, 7754, 4, 1, 0.00, 'PromTrim'),
(1741, 7754, 4, 5, 0.00, 'CalifDef'),
(1742, 4029, 4, 5, 7.00, 'CalifDef'),
(1743, 4029, 4, 5, 7.00, 'CalifDef'),
(1744, 4029, 4, 5, 7.00, 'CalifDef'),
(1746, 4029, 4, 5, 7.00, 'CalifDef'),
(1747, 4040, 1, 2, 0.00, 'Promedio'),
(1748, 4040, 2, 2, 8.25, 'Promedio'),
(1749, 4040, 3, 2, 0.00, 'Promedio'),
(1750, 4040, 1, 4, 0.00, 'NotaTrimestral'),
(1751, 4040, 2, 4, 8.25, 'NotaTrimestral'),
(1752, 4040, 3, 4, 0.00, 'NotaTrimestral'),
(1753, 4040, 4, 1, 2.75, 'PromTrim'),
(1754, 4040, 4, 5, 2.75, 'CalifDef'),
(1755, 4040, 4, 5, 2.75, 'CalifDef'),
(1756, 4040, 2, 4, 8.00, 'Envio'),
(1757, 4040, 2, 5, 9.00, 'Envio'),
(1758, 4040, 2, 6, 10.00, 'Envio'),
(1759, 4040, 2, 1, 6.00, 'Concepto');

-- --------------------------------------------------------

--
-- Estructura de tabla para la tabla `sedes`
--

CREATE TABLE `sedes` (
  `id_sede` int(2) NOT NULL,
  `nombre_sede` varchar(55) NOT NULL
) ENGINE=InnoDB DEFAULT CHARSET=utf8mb4 COLLATE=utf8mb4_general_ci;

--
-- Volcado de datos para la tabla `sedes`
--

INSERT INTO `sedes` (`id_sede`, `nombre_sede`) VALUES
(1, 'Alecrin'),
(2, 'Apostoles'),
(3, 'Chafariz'),
(4, 'Guapoy'),
(5, 'Jejy'),
(6, 'Pozo Azul'),
(7, 'San Ignacio'),
(8, 'San Juan Bosco'),
(9, 'Santa Ana'),
(10, 'Tamandua');

-- --------------------------------------------------------

--
-- Estructura de tabla para la tabla `usuarios`
--

CREATE TABLE `usuarios` (
  `id_usuario` int(11) NOT NULL,
  `nombre_usuario` varchar(55) NOT NULL,
  `dni_usuario` int(9) NOT NULL,
  `email_usuario` varchar(255) NOT NULL,
  `contrasena_usuario` varchar(255) NOT NULL,
  `rol_usuario` varchar(55) NOT NULL,
  `id_sede` int(11) DEFAULT NULL
) ENGINE=InnoDB DEFAULT CHARSET=utf8mb4 COLLATE=utf8mb4_general_ci;

--
-- Volcado de datos para la tabla `usuarios`
--

INSERT INTO `usuarios` (`id_usuario`, `nombre_usuario`, `dni_usuario`, `email_usuario`, `contrasena_usuario`, `rol_usuario`, `id_sede`) VALUES
(1, 'Almada Andrea', 26792014, '26792014@esrtic.com', '26792014', 'Profesor', 0),
(2, 'Cendra Maria Jose', 25924510, '25924510@esrtic.com', '25924510', 'Profesor', 0),
(3, 'Chaparro Flavia', 36096617, '36096617@esrtic.com', '36096617', 'Profesor', 0),
(4, 'Correa Alvez Exequiel', 31792299, '31792299@esrtic.com', '31792299', 'Profesor', 0),
(5, 'De Andrade Marcelo', 29010104, '29010104@esrtic.com', '29010104', 'Profesor', 0),
(6, 'Fernandez Ramon', 21336304, '21336304@esrtic.com', '21336304', 'Profesor', 0),
(7, 'Ferreira Robin Priscila', 35327487, '35327487@esrtic.com', '35327487', 'Profesor', 0),
(8, 'Ferreyra Gaston', 26980377, '26980377@esrtic.com', '26980377', 'Profesor', 0),
(9, 'Fester Luisa', 28890094, '28890094@esrtic.com', '28890094', 'Profesor', 0),
(10, 'Garcia Macarena', 33425125, '33425125@esrtic.com', '33425125', 'Profesor', 0),
(11, 'Gruber Gabriela', 33900281, '33900281@esrtic.com', '33900281', 'Profesor', 0),
(12, 'Insaurralde Ema', 29356795, '29356795@esrtic.com', '29356795', 'Profesor', 0),
(13, 'Kraus Carina', 30578548, '30578548@esrtic.com', '30578548', 'Profesor', 0),
(14, 'Lell Alejandra', 27208845, '27208845@esrtic.com', '27208845', 'Profesor', 0),
(15, 'Marin Nora', 31571652, '31571652@esrtic.com', '31571652', 'Profesor', 0),
(16, 'Melgarejo Lorena', 28818077, '28818077@esrtic.com', '28818077', 'Profesor', 0),
(17, 'Mereles Nelida', 22456421, '22456421@esrtic.com', '22456421', 'Profesor', 0),
(18, 'Olivera Marisol', 33357042, '33357042@esrtic.com', '33357042', 'Profesor', 0),
(19, 'Parra Cristian', 34689190, '34689190@esrtic.com', '34689190', 'Profesor', 0),
(20, 'Scherer Fabiana', 28675872, '28675872@esrtic.com', '28675872', 'Profesor', 0),
(21, 'Skrypczuk Yada', 35224907, '35224907@esrtic.com', '35224907', 'Profesor', 0),
(22, 'Valenzuela Gladis Etelvina', 32079658, '32079658@esrtic.com', '32079658', 'Tutor', 1),
(23, 'Benitez Sandra Gabriela', 44072943, '44072943@esrtic.com', '44072943', 'Tutor', 3),
(24, 'Bermuller Yanina Natalia', 33014951, '33014951@esrtic.com', '33014951', 'Tutor', 7),
(25, 'Schunke Luis Alberto', 23743517, '23743517@esrtic.com', '23743517', 'Tutor', 10),
(26, 'Baez Juan Manuel', 36893130, '36893130@esrtic.com', '36893130', 'Tutor', 9),
(27, 'Chaparro Alba Nidia', 26850368, '26850368@esrtic.com', '26850368', 'Tutor', 4),
(28, 'Welchen Mirta Liliana', 29058186, '29058186@esrtic.com', '29058186', 'Tutor', 2),
(29, 'Sanchez Silvana Andrea', 29166598, '29166598@esrtic.com', '29166598', 'Tutor', 2),
(30, 'Pucciariello Clelia Victoria', 31506602, '31506602@esrtic.com', '31506602', 'Tutor', 8),
(31, 'Villar Silvana Priscila', 33456700, '33456700@esrtic.com', '33456700', 'Tutor', 5),
(32, 'Alvarez Ana Eva', 33793965, '33793965@esrtic.com', '33793965', 'Tutor', 6),
(33, 'Fernandez Samuel', 39227021, '39227021@esrtic.com', '39227021', 'Tutor', 8),
(34, 'Vinuf Jorge Andres', 40195408, 'j.vinuf@gmail.com', 'admin', 'Administrador', NULL);

--
-- Índices para tablas volcadas
--

--
-- Indices de la tabla `alumnos`
--
ALTER TABLE `alumnos`
  ADD PRIMARY KEY (`id_alumno`),
  ADD UNIQUE KEY `dni_alumno` (`dni_alumno`),
  ADD KEY `id_sede` (`id_sede`),
  ADD KEY `id_sede_2` (`id_sede`);

--
-- Indices de la tabla `inscripciones`
--
ALTER TABLE `inscripciones`
  ADD PRIMARY KEY (`id_inscripcion`),
  ADD KEY `id_alumno` (`id_alumno`),
  ADD KEY `id_materia` (`id_materia`);

--
-- Indices de la tabla `materias`
--
ALTER TABLE `materias`
  ADD PRIMARY KEY (`id_materia`),
  ADD KEY `id_profesor` (`id_profesor`);

--
-- Indices de la tabla `notas`
--
ALTER TABLE `notas`
  ADD PRIMARY KEY (`id_nota`),
  ADD KEY `id_inscripcion` (`id_inscripcion`);

--
-- Indices de la tabla `sedes`
--
ALTER TABLE `sedes`
  ADD PRIMARY KEY (`id_sede`);

--
-- Indices de la tabla `usuarios`
--
ALTER TABLE `usuarios`
  ADD PRIMARY KEY (`id_usuario`),
  ADD UNIQUE KEY `dni_usuario` (`dni_usuario`),
  ADD KEY `id_sede` (`id_sede`);

--
-- AUTO_INCREMENT de las tablas volcadas
--

--
-- AUTO_INCREMENT de la tabla `alumnos`
--
ALTER TABLE `alumnos`
  MODIFY `id_alumno` int(11) NOT NULL AUTO_INCREMENT, AUTO_INCREMENT=482;

--
-- AUTO_INCREMENT de la tabla `inscripciones`
--
ALTER TABLE `inscripciones`
  MODIFY `id_inscripcion` int(11) NOT NULL AUTO_INCREMENT, AUTO_INCREMENT=7930;

--
-- AUTO_INCREMENT de la tabla `materias`
--
ALTER TABLE `materias`
  MODIFY `id_materia` int(11) NOT NULL AUTO_INCREMENT, AUTO_INCREMENT=56;

--
-- AUTO_INCREMENT de la tabla `notas`
--
ALTER TABLE `notas`
  MODIFY `id_nota` int(11) NOT NULL AUTO_INCREMENT, AUTO_INCREMENT=1760;

--
-- AUTO_INCREMENT de la tabla `usuarios`
--
ALTER TABLE `usuarios`
  MODIFY `id_usuario` int(11) NOT NULL AUTO_INCREMENT, AUTO_INCREMENT=36;

--
-- Restricciones para tablas volcadas
--

--
-- Filtros para la tabla `alumnos`
--
ALTER TABLE `alumnos`
  ADD CONSTRAINT `alumnos_ibfk_1` FOREIGN KEY (`id_sede`) REFERENCES `sedes` (`id_sede`) ON DELETE CASCADE ON UPDATE CASCADE;

--
-- Filtros para la tabla `inscripciones`
--
ALTER TABLE `inscripciones`
  ADD CONSTRAINT `inscripciones_ibfk_1` FOREIGN KEY (`id_materia`) REFERENCES `materias` (`id_materia`) ON DELETE CASCADE ON UPDATE CASCADE,
  ADD CONSTRAINT `inscripciones_ibfk_2` FOREIGN KEY (`id_alumno`) REFERENCES `alumnos` (`id_alumno`) ON DELETE CASCADE ON UPDATE CASCADE;

--
-- Filtros para la tabla `materias`
--
ALTER TABLE `materias`
  ADD CONSTRAINT `materias_ibfk_1` FOREIGN KEY (`id_profesor`) REFERENCES `usuarios` (`id_usuario`) ON DELETE CASCADE ON UPDATE CASCADE;

--
-- Filtros para la tabla `notas`
--
ALTER TABLE `notas`
  ADD CONSTRAINT `notas_ibfk_1` FOREIGN KEY (`id_inscripcion`) REFERENCES `inscripciones` (`id_inscripcion`) ON DELETE CASCADE ON UPDATE CASCADE;

--
-- Filtros para la tabla `sedes`
--
ALTER TABLE `sedes`
  ADD CONSTRAINT `sedes_ibfk_1` FOREIGN KEY (`id_sede`) REFERENCES `usuarios` (`id_sede`) ON DELETE CASCADE ON UPDATE CASCADE;
COMMIT;

/*!40101 SET CHARACTER_SET_CLIENT=@OLD_CHARACTER_SET_CLIENT */;
/*!40101 SET CHARACTER_SET_RESULTS=@OLD_CHARACTER_SET_RESULTS */;
/*!40101 SET COLLATION_CONNECTION=@OLD_COLLATION_CONNECTION */;
